8 0.25277217741935487 0.3696236559139785 0.2540322580645161 0.37197580645161293 0.25504032258064513 0.3783602150537635 0.265625 0.37668010752688175 0.27268145161290325 0.3743279569892473 0.2734375 0.3702956989247312 0.27268145161290325 0.35584677419354843 0.2704133064516129 0.3504704301075269 0.2691532258064516 0.34946236559139787 0.2565524193548387 0.34946236559139787 0.2540322580645161 0.3504704301075269 0.25277217741935487 0.35215053763440857 0.25277217741935487 0.3696236559139785
8 0.4380040322580645 0.3629032258064516 0.44279233870967744 0.37063172043010756 0.44606854838709675 0.372983870967742 0.45287298387096775 0.3746639784946237 0.4564012096774193 0.37735215053763443 0.46244959677419356 0.3793682795698925 0.47404233870967744 0.3790322580645161 0.47731854838709675 0.37600806451612906 0.47782258064516125 0.3649193548387097 0.47555443548387094 0.35584677419354843 0.47051411290322576 0.3481182795698925 0.46723790322580644 0.34576612903225806 0.4561491935483871 0.3413978494623656 0.4453125 0.34106182795698925 0.4407762096774193 0.34442204301075274 0.43850806451612906 0.3518145161290323 0.43876008064516125 0.35920698924731187 0.4380040322580645 0.3629032258064516
1 0.3800403225806452 0.46438172043010756 0.3865927419354839 0.46975806451612906 0.3878528225806452 0.47244623655913986 0.38936491935483875 0.48051075268817206 0.39037298387096775 0.4818548387096775 0.3941532258064516 0.48118279569892475 0.3954133064516129 0.47983870967741943 0.3979334677419355 0.46942204301075274 0.40045362903225806 0.46538978494623656 0.4085181451612903 0.4610215053763441 0.421875 0.45967741935483875 0.4248991935483871 0.45799731182795705 0.4259072580645161 0.4563172043010753 0.41985887096774194 0.4442204301075269 0.4143145161290323 0.42943548387096775 0.4092741935483871 0.42439516129032256 0.4027217741935484 0.4203629032258065 0.39163306451612906 0.4193548387096775 0.3868447580645161 0.4210349462365592 0.3830645161290323 0.42372311827956993 0.3800403225806452 0.43145161290322587 0.3787802419354839 0.43985215053763443 0.3785282258064516 0.4469086021505377 0.3800403225806452 0.46438172043010756
1 0.39944556451612906 0.5013440860215054 0.40423387096774194 0.508736559139785 0.40801411290322576 0.5120967741935485 0.4095262096774193 0.5157930107526882 0.4145665322580645 0.5228494623655914 0.42162298387096775 0.519489247311828 0.42338709677419356 0.5084005376344086 0.4274193548387097 0.5033602150537635 0.4344758064516129 0.5003360215053764 0.44279233870967744 0.4993279569892473 0.4453125 0.497983870967742 0.44732862903225806 0.4946236559139785 0.44732862903225806 0.48454301075268824 0.44354838709677424 0.47748655913978494 0.44354838709677424 0.4737903225806452 0.43951612903225806 0.47043010752688175 0.43674395161290325 0.4663978494623656 0.42842741935483875 0.4600134408602151 0.4241431451612903 0.45900537634408606 0.40801411290322576 0.4620295698924732 0.40095766129032256 0.46606182795698925 0.39742943548387094 0.47009408602150543 0.39717741935483875 0.48084677419354843 0.39944556451612906 0.5013440860215054
1 0.2482358870967742 0.35920698924731187 0.24899193548387097 0.3602150537634409 0.2482358870967742 0.3625672043010753 0.24949596774193547 0.363239247311828 0.24949596774193547 0.36424731182795705 0.2482358870967742 0.36424731182795705 0.2482358870967742 0.36592741935483875 0.24949596774193547 0.3662634408602151 0.2505040322580645 0.36525537634408606 0.2517641129032258 0.36693548387096775 0.2522681451612903 0.3696236559139785 0.2537802419354839 0.37197580645161293 0.25504032258064513 0.37869623655913975 0.26764112903225806 0.37668010752688175 0.27268145161290325 0.37399193548387094 0.27368951612903225 0.3702956989247312 0.2734375 0.35584677419354843 0.27242943548387094 0.3528225806451613 0.2689012096774194 0.34744623655913975 0.2661290322580645 0.3464381720430108 0.2615927419354839 0.3467741935483871 0.25856854838709675 0.34475806451612906 0.25504032258064513 0.34442204301075274 0.25100806451612906 0.35215053763440857 0.2505040322580645 0.3568548387096775 0.2482358870967742 0.35920698924731187
1 0.4352318548387097 0.39784946236559143 0.4375 0.40020161290322587 0.43901209677419356 0.40524193548387094 0.4420362903225807 0.40826612903225806 0.44707661290322576 0.40860215053763443 0.4526209677419355 0.40759408602150543 0.45438508064516125 0.40020161290322587 0.46219758064516125 0.3914650537634409 0.4632056451612903 0.38608870967741943 0.46244959677419356 0.38272849462365593 0.4611895161290323 0.38104838709677424 0.4566532258064516 0.3776881720430108 0.4503528225806452 0.37533602150537637 0.4422883064516129 0.3746639784946237 0.43724798387096775 0.37869623655913975 0.4332157258064516 0.38844086021505375 0.4334677419354839 0.39348118279569894 0.4352318548387097 0.39784946236559143
1 0.19380040322580644 0.3581989247311828 0.19657258064516128 0.35920698924731187 0.20614919354838712 0.35719086021505375 0.21043346774193547 0.3575268817204301 0.21244959677419356 0.35551075268817206 0.2127016129032258 0.3484543010752688 0.21118951612903225 0.3424059139784947 0.20740927419354838 0.33635752688172044 0.20362903225806453 0.3343413978494624 0.19682459677419356 0.3343413978494624 0.1927923387096774 0.3370295698924731 0.19153225806451615 0.34038978494623656 0.19254032258064516 0.35618279569892475 0.19380040322580644 0.3581989247311828
1 0.4039818548387097 0.3733198924731183 0.4057459677419355 0.37668010752688175 0.40751008064516125 0.37869623655913975 0.41481854838709675 0.38272849462365593 0.4183467741935484 0.37600806451612906 0.4196068548387097 0.36928763440860213 0.42313508064516125 0.3662634408602151 0.42439516129032256 0.3629032258064516 0.421875 0.3585349462365592 0.4183467741935484 0.35551075268817206 0.4112903225806452 0.35450268817204306 0.40776209677419356 0.35551075268817206 0.40423387096774194 0.35954301075268824 0.4029737903225807 0.363239247311828 0.4022177419354839 0.3662634408602151 0.4039818548387097 0.3733198924731183
1 0.25504032258064513 0.3252688172043011 0.2618447580645161 0.322244623655914 0.265625 0.32459677419354843 0.265625 0.3155241935483871 0.2633568548387097 0.31149193548387094 0.2595766129032258 0.3101478494623656 0.25529233870967744 0.3108198924731183 0.2535282258064516 0.31451612903225806 0.2532762096774194 0.32123655913978494 0.25504032258064513 0.3252688172043011
1 0.5675403225806451 0.4879032258064516 0.5710685483870968 0.4879032258064516 0.5745967741935484 0.48555107526881724 0.5778729838709677 0.4852150537634409 0.5819052419354839 0.4879032258064516 0.5831653225806451 0.4946236559139785 0.5841733870967742 0.5100806451612904 0.5904737903225806 0.5181451612903226 0.5917338709677419 0.5225134408602151 0.5919858870967742 0.5332661290322581 0.594758064516129 0.5362903225806451 0.6035786290322581 0.5369623655913979 0.6088709677419355 0.5356182795698925 0.6113911290322581 0.5278897849462366 0.6159274193548386 0.5235215053763441 0.6189516129032258 0.5245295698924731 0.6232358870967742 0.528225806451613 0.6267641129032258 0.5288978494623656 0.6315524193548386 0.5265456989247312 0.633820564516129 0.5228494623655914 0.6305443548387096 0.5120967741935485 0.6282762096774194 0.5084005376344086 0.6217237903225806 0.5040322580645161 0.6202116935483871 0.5020161290322581 0.6192036290322581 0.4983198924731183 0.6151713709677419 0.4922715053763441 0.6139112903225806 0.48723118279569894 0.6081149193548386 0.4828629032258065 0.5995463709677419 0.4727822580645161 0.5884576612903226 0.46975806451612906 0.5811491935483871 0.46942204301075274 0.5773689516129032 0.47043010752688175 0.5710685483870968 0.46908602150537637 0.5672883064516129 0.4737903225806452 0.5660282258064516 0.4768145161290323 0.5657762096774194 0.48420698924731187 0.5675403225806451 0.4879032258064516
1 0.3175403225806452 0.3602150537634409 0.31930443548387094 0.35920698924731187 0.3245967741935484 0.3518145161290323 0.3314012096774193 0.35215053763440857 0.3331653225806452 0.35618279569892475 0.33492943548387094 0.3568548387096775 0.33568548387096775 0.35584677419354843 0.3359375 0.3487903225806452 0.33492943548387094 0.34475806451612906 0.3251008064516129 0.3343413978494624 0.3175403225806452 0.33467741935483875 0.31426411290322576 0.3373655913978495 0.31350806451612906 0.33938172043010756 0.31350806451612906 0.3481182795698925 0.3175403225806452 0.3602150537634409
1 0.6277721774193549 0.5534274193548387 0.6295362903225806 0.5672043010752689 0.633820564516129 0.5772849462365591 0.6370967741935485 0.5786290322580646 0.6439012096774194 0.5786290322580646 0.6504536290322581 0.5813172043010754 0.6539818548387096 0.5803091397849462 0.657258064516129 0.5776209677419355 0.6597782258064515 0.5668682795698925 0.6610383064516129 0.5655241935483871 0.6648185483870968 0.5658602150537635 0.6665826612903225 0.5685483870967742 0.6673387096774194 0.573252688172043 0.6680947580645161 0.5806451612903226 0.6673387096774194 0.5846774193548387 0.6675907258064515 0.591733870967742 0.6688508064516129 0.5974462365591399 0.6769153225806451 0.6018145161290323 0.6774193548387096 0.6055107526881721 0.678679435483871 0.6058467741935485 0.6819556451612904 0.6102150537634409 0.6857358870967742 0.6112231182795699 0.6892641129032258 0.614247311827957 0.6925403225806451 0.6135752688172043 0.696320564516129 0.6081989247311829 0.6985887096774194 0.6021505376344086 0.7016129032258065 0.5987903225806451 0.7026209677419355 0.591733870967742 0.7061491935483871 0.5887096774193549 0.709929435483871 0.5900537634408602 0.7114415322580646 0.5920698924731183 0.7132056451612904 0.5987903225806451 0.7164818548387096 0.6055107526881721 0.7202620967741935 0.6092069892473119 0.7242943548387096 0.6098790322580646 0.7308467741935485 0.6078629032258065 0.7336189516129032 0.6041666666666666 0.734375 0.6011424731182795 0.734375 0.592741935483871 0.7326108870967742 0.5846774193548387 0.7280745967741935 0.573252688172043 0.7258064516129032 0.5702284946236559 0.7154737903225806 0.5618279569892474 0.7127016129032258 0.5581317204301075 0.7111895161290323 0.5534274193548387 0.7038810483870968 0.5423387096774194 0.6968245967741935 0.5349462365591399 0.6872479838709677 0.5278897849462366 0.6809475806451614 0.5252016129032259 0.6754032258064515 0.5241935483870969 0.6403729838709677 0.5252016129032259 0.6325604838709677 0.5278897849462366 0.6290322580645161 0.5309139784946237 0.6262600806451614 0.5386424731182796 0.6265120967741935 0.5500672043010754 0.6277721774193549 0.5534274193548387
1 0.28931451612903225 0.8823924731182797 0.29183467741935487 0.8870967741935485 0.29611895161290325 0.9059139784946237 0.3004032258064516 0.9122983870967742 0.3079637096774193 0.9156586021505377 0.3119959677419355 0.9193548387096775 0.31854838709677424 0.9307795698924731 0.31955645161290325 0.9354838709677421 0.3324092741935484 0.9556451612903226 0.33744959677419356 0.9663978494623656 0.3407258064516129 0.9700940860215055 0.34198588709677424 0.9741263440860216 0.3475302419354839 0.9838709677419355 0.3472782258064516 0.9879032258064517 0.34501008064516125 0.9912634408602151 0.34475806451612906 0.994959677419355 0.3487903225806452 0.9939516129032259 0.3518145161290323 0.9979838709677421 0.3518145161290323 0.9996639784946237 0.37247983870967744 0.9996639784946237 0.3727318548387097 0.9979838709677421 0.37651209677419356 0.9966397849462366 0.38079637096774194 0.996975806451613 0.3865927419354839 0.9956317204301075 0.40801411290322576 0.995967741935484 0.4112903225806452 0.9942876344086022 0.41507056451612906 0.9952956989247312 0.4183467741935484 0.9929435483870969 0.42162298387096775 0.9963037634408602 0.4251512096774193 0.9956317204301075 0.4327116935483871 0.9976478494623656 0.4334677419354839 0.9996639784946237 0.4566532258064516 0.9996639784946237 0.4569052419354839 0.9979838709677421 0.4586693548387097 0.9973118279569894 0.46244959677419356 0.9976478494623656 0.4632056451612903 0.9996639784946237 0.4649697580645161 0.9996639784946237 0.4652217741935484 0.9979838709677421 0.47051411290322576 0.9979838709677421 0.47807459677419356 0.9909274193548389 0.4803427419354839 0.9808467741935485 0.4808467741935484 0.9704301075268817 0.4788306451612903 0.955981182795699 0.47731854838709675 0.9529569892473119 0.47832661290322576 0.9469086021505377 0.47832661290322576 0.9418682795698926 0.47731854838709675 0.9378360215053765 0.46975806451612906 0.9264112903225807 0.4647177419354839 0.9170026881720431 0.4576612903225807 0.9082661290322581 0.4533770161290323 0.8991935483870969 0.4430443548387097 0.8823924731182797 0.4407762096774193 0.8800403225806451 0.4375 0.8729838709677421 0.4264112903225807 0.8548387096774194 0.42111895161290325 0.8487903225806451 0.4145665322580645 0.8383736559139785 0.4117943548387097 0.8366935483870969 0.40826612903225806 0.831989247311828 0.40625 0.8279569892473119 0.4065020161290323 0.8245967741935485 0.4085181451612903 0.821236559139785 0.40776209677419356 0.819220430107527 0.40448588709677424 0.8178763440860216 0.40095766129032256 0.819220430107527 0.39667338709677424 0.8188844086021506 0.38356854838709675 0.8161962365591399 0.3790322580645161 0.8128360215053765 0.37701612903225806 0.8101478494623656 0.3717237903225807 0.8071236559139785 0.36592741935483875 0.8071236559139785 0.36113911290322576 0.8088037634408602 0.34576612903225806 0.809475806451613 0.32938508064516125 0.8128360215053765 0.30720766129032256 0.8239247311827957 0.3016633064516129 0.8299731182795699 0.2895665322580645 0.8380376344086022 0.28755040322580644 0.8417338709677419 0.2878024193548387 0.8457661290322581 0.28629032258064513 0.8568548387096775 0.28629032258064513 0.869959677419355 0.28931451612903225 0.8823924731182797
1 0.1159274193548387 0.39079301075268824 0.11819556451612903 0.3941532258064516 0.11970766129032258 0.3948252688172043 0.12348790322580644 0.39247311827956993 0.1267641129032258 0.3968413978494624 0.13331653225806453 0.3991935483870968 0.13659274193548387 0.40188172043010756 0.14415322580645162 0.3985215053763441 0.14768145161290322 0.3941532258064516 0.14742943548387097 0.38844086021505375 0.1388608870967742 0.37634408602150543 0.12752016129032256 0.3743279569892473 0.12273185483870969 0.3746639784946237 0.11945564516129031 0.37634408602150543 0.1171875 0.3800403225806452 0.11567540322580644 0.3834005376344087 0.1159274193548387 0.39079301075268824
1 0.30367943548387094 0.40188172043010756 0.31149193548387094 0.394489247311828 0.3203125 0.39348118279569894 0.3251008064516129 0.3941532258064516 0.32686491935483875 0.3881048387096775 0.32636088709677424 0.3844086021505376 0.3251008064516129 0.3823924731182796 0.32132056451612906 0.3783602150537635 0.31779233870967744 0.37634408602150543 0.30720766129032256 0.37735215053763443 0.30292338709677424 0.3797043010752688 0.3009072580645161 0.3834005376344087 0.29939516129032256 0.39247311827956993 0.30367943548387094 0.40188172043010756
1 0.2134576612903226 0.38911290322580644 0.22026209677419356 0.38676075268817206 0.22757056451612903 0.38743279569892475 0.23135080645161288 0.3897849462365592 0.234375 0.3998655913978495 0.23765120967741937 0.3958333333333333 0.23765120967741937 0.38911290322580644 0.23513104838709678 0.37399193548387094 0.23412298387096775 0.37231182795698925 0.23084677419354838 0.3702956989247312 0.22076612903225806 0.3686155913978495 0.21673387096774194 0.3702956989247312 0.21370967741935484 0.3726478494623656 0.2109375 0.37701612903225806 0.20967741935483872 0.38272849462365593 0.20992943548387097 0.38911290322580644 0.2134576612903226 0.38911290322580644
1 0.28981854838709675 0.30174731182795705 0.2973790322580645 0.3020833333333333 0.2998991935483871 0.30006720430107525 0.29939516129032256 0.29469086021505375 0.2963709677419355 0.2906586021505377 0.2928427419354839 0.2893145161290323 0.28931451612903225 0.29368279569892475 0.28881048387096775 0.29805107526881724 0.28981854838709675 0.30174731182795705
1 0.2935987903225806 0.38743279569892475 0.29435483870967744 0.3911290322580645 0.2963709677419355 0.39314516129032256 0.29863911290322576 0.3928091397849463 0.3001512096774193 0.3911290322580645 0.3014112903225807 0.38508064516129037 0.3049395161290323 0.38037634408602156 0.30720766129032256 0.37869623655913975 0.31451612903225806 0.3780241935483871 0.3157762096774193 0.37668010752688175 0.31401209677419356 0.3662634408602151 0.31098790322580644 0.3625672043010753 0.30720766129032256 0.3602150537634409 0.29662298387096775 0.3602150537634409 0.2928427419354839 0.3625672043010753 0.2928427419354839 0.3800403225806452 0.2935987903225806 0.38743279569892475
1 0.3883568548387097 0.40053763440860213 0.3939012096774193 0.40793010752688175 0.3961693548387097 0.40860215053763443 0.40448588709677424 0.4089381720430108 0.40625 0.4008736559139785 0.4092741935483871 0.39549731182795705 0.4135584677419355 0.39045698924731187 0.4140625 0.3881048387096775 0.41330645161290325 0.3834005376344087 0.40448588709677424 0.3776881720430108 0.39037298387096775 0.3793682795698925 0.3883568548387097 0.3817204301075269 0.3868447580645161 0.38575268817204306 0.3865927419354839 0.394489247311828 0.3883568548387097 0.40053763440860213
1 0.45413306451612906 0.4112903225806452 0.4564012096774193 0.41498655913978494 0.45942540322580644 0.41733870967741943 0.46169354838709675 0.4210349462365592 0.46295362903225806 0.42607526881720437 0.46698588709677424 0.4304435483870968 0.47731854838709675 0.43245967741935487 0.4805947580645161 0.43145161290322587 0.48538306451612906 0.42305107526881724 0.48966733870967744 0.41834677419354843 0.4899193548387097 0.4143145161290323 0.4891633064516129 0.4112903225806452 0.4846270161290323 0.40120967741935487 0.4816028225806452 0.39717741935483875 0.4770665322580645 0.3941532258064516 0.46345766129032256 0.39180107526881724 0.45564516129032256 0.3968413978494624 0.4533770161290323 0.4015456989247312 0.453125 0.40759408602150543 0.45413306451612906 0.4112903225806452
1 0.3870967741935484 0.35920698924731187 0.39188508064516125 0.3625672043010753 0.39919354838709675 0.3649193548387097 0.40095766129032256 0.3672715053763441 0.40524193548387094 0.3598790322580645 0.40751008064516125 0.3528225806451613 0.40423387096774194 0.3464381720430108 0.40095766129032256 0.34475806451612906 0.39314516129032256 0.3467741935483871 0.390625 0.34912634408602156 0.38961693548387094 0.3518145161290323 0.38886088709677424 0.3565188172043011 0.3870967741935484 0.35920698924731187
1 0.22026209677419356 0.3655913978494624 0.22379032258064516 0.3615591397849463 0.2283266129032258 0.36088709677419356 0.24117943548387097 0.36760752688172044 0.24117943548387097 0.35719086021505375 0.23891129032258063 0.35080645161290325 0.23412298387096775 0.34543010752688175 0.23084677419354838 0.34375 0.22731854838709678 0.34375 0.2205141129032258 0.3484543010752688 0.21925403225806453 0.3531586021505376 0.21900201612903225 0.35719086021505375 0.22026209677419356 0.3655913978494624
1 0.1701108870967742 0.4143145161290323 0.16985887096774194 0.41801075268817206 0.171875 0.425739247311828 0.17414314516129034 0.42842741935483875 0.17590725806451615 0.4287634408602151 0.18094758064516128 0.42674731182795705 0.19959677419354838 0.4270833333333333 0.20010080645161288 0.42607526881720437 0.19934475806451615 0.40860215053763443 0.19632056451612903 0.4008736559139785 0.19304435483870966 0.3968413978494624 0.1892641129032258 0.3948252688172043 0.17943548387096775 0.3951612903225807 0.17515120967741937 0.39650537634408606 0.1701108870967742 0.4008736559139785 0.16885080645161288 0.404233870967742 0.1701108870967742 0.4143145161290323
1 0.3276209677419355 0.38071236559139787 0.3308971774193548 0.38709677419354843 0.3331653225806452 0.3877688172043011 0.33845766129032256 0.3877688172043011 0.3404737903225807 0.38373655913978494 0.34122983870967744 0.3800403225806452 0.34501008064516125 0.37600806451612906 0.35030241935483875 0.37399193548387094 0.3518145161290323 0.3696236559139785 0.3485383064516129 0.3625672043010753 0.34526209677419356 0.3602150537634409 0.34173387096774194 0.35954301075268824 0.33770161290322576 0.35954301075268824 0.3324092741935484 0.36122311827956993 0.328125 0.3635752688172043 0.32686491935483875 0.3655913978494624 0.32661290322580644 0.37668010752688175 0.3276209677419355 0.38071236559139787
1 0.3152721774193548 0.36693548387096775 0.31779233870967744 0.3736559139784947 0.32182459677419356 0.37231182795698925 0.3245967741935484 0.3743279569892473 0.3258568548387097 0.37063172043010756 0.32938508064516125 0.3649193548387097 0.33845766129032256 0.35954301075268824 0.33568548387096775 0.3484543010752688 0.3316532258064516 0.34610215053763443 0.328125 0.34509408602150543 0.3238407258064516 0.34576612903225806 0.3175403225806452 0.34946236559139787 0.3165322580645161 0.35215053763440857 0.3167842741935484 0.35618279569892475 0.3152721774193548 0.36693548387096775
1 0.15423387096774194 0.3639112903225807 0.15751008064516128 0.363239247311828 0.15902217741935484 0.35920698924731187 0.1615423387096774 0.3585349462365592 0.16355846774193547 0.36223118279569894 0.1640625 0.3702956989247312 0.16809475806451615 0.37399193548387094 0.17162298387096775 0.372983870967742 0.17263104838709678 0.35584677419354843 0.171875 0.3531586021505376 0.16985887096774194 0.35080645161290325 0.16607862903225806 0.34979838709677424 0.15675403225806453 0.3504704301075269 0.15246975806451615 0.35215053763440857 0.1502016129032258 0.3551747311827957 0.1502016129032258 0.35920698924731187 0.15423387096774194 0.3639112903225807
1 0.704133064516129 0.49697580645161293 0.7038810483870968 0.5077284946236559 0.7061491935483871 0.5117607526881721 0.7096774193548386 0.5131048387096775 0.7169858870967742 0.5131048387096775 0.7305947580645161 0.5221774193548387 0.7341229838709677 0.5225134408602151 0.7379032258064515 0.5258736559139785 0.7386592741935485 0.5295698924731183 0.7406754032258065 0.532258064516129 0.7444556451612904 0.5349462365591399 0.7487399193548386 0.5352822580645161 0.7517641129032258 0.5332661290322581 0.7792338709677419 0.5325940860215054 0.7867943548387096 0.5299059139784946 0.7890625 0.5265456989247312 0.7893145161290323 0.5218413978494624 0.7883064516129032 0.5134408602150538 0.7845262096774194 0.508736559139785 0.7827620967741935 0.5047043010752689 0.7741935483870968 0.4983198924731183 0.7633568548387096 0.48420698924731187 0.7482358870967742 0.47412634408602156 0.7379032258064515 0.4721102150537635 0.7250504032258065 0.4727822580645161 0.7066532258064515 0.4778225806451613 0.7038810483870968 0.48084677419354843 0.7023689516129032 0.48454301075268824 0.702116935483871 0.4912634408602151 0.704133064516129 0.49697580645161293
1 0.3359375 0.5114247311827957 0.3389616935483871 0.5154569892473119 0.3409778225806452 0.520497311827957 0.34375 0.5325940860215054 0.34526209677419356 0.5342741935483871 0.3480342741935484 0.5349462365591399 0.35912298387096775 0.5342741935483871 0.36038306451612906 0.5299059139784946 0.36139112903225806 0.518481182795699 0.36693548387096775 0.5057123655913979 0.3694556451612903 0.5033602150537635 0.3780241935483871 0.5016801075268817 0.38356854838709675 0.49899193548387105 0.3860887096774193 0.4946236559139785 0.38457661290322576 0.4922715053763441 0.38130040322580644 0.49025537634408606 0.375 0.48084677419354843 0.3707157258064516 0.4761424731182796 0.36617943548387094 0.47446236559139787 0.36038306451612906 0.47580645161290325 0.3442540322580645 0.47580645161290325 0.33845766129032256 0.4801747311827957 0.3364415322580645 0.4831989247311828 0.33467741935483875 0.48857526881720437 0.33442540322580644 0.5057123655913979 0.3359375 0.5114247311827957
1 0.42363911290322576 0.5299059139784946 0.4251512096774193 0.5359543010752689 0.4274193548387097 0.5396505376344086 0.42792338709677424 0.5467069892473119 0.42943548387096775 0.550739247311828 0.42943548387096775 0.5534274193548387 0.43220766129032256 0.5588037634408602 0.43623991935483875 0.5625000000000001 0.4425403225806452 0.5756048387096775 0.44657258064516125 0.5675403225806451 0.453125 0.5598118279569892 0.45438508064516125 0.5574596774193549 0.4553931451612903 0.5520833333333334 0.4574092741935484 0.5500672043010754 0.46018145161290325 0.549731182795699 0.46244959677419356 0.5520833333333334 0.46295362903225806 0.5598118279569892 0.4649697580645161 0.5628360215053764 0.47051411290322576 0.5762768817204301 0.47404233870967744 0.5759408602150538 0.47731854838709675 0.5739247311827957 0.4816028225806452 0.5571236559139785 0.484375 0.5540994623655914 0.4891633064516129 0.5540994623655914 0.49067540322580644 0.5567876344086022 0.49117943548387094 0.561491935483871 0.49420362903225806 0.5641801075268817 0.4952116935483871 0.5635080645161291 0.4952116935483871 0.5530913978494625 0.48966733870967744 0.539986559139785 0.48336693548387094 0.5315860215053764 0.4795866935483871 0.5225134408602151 0.4710181451612903 0.5070564516129032 0.4664818548387097 0.5016801075268817 0.4611895161290323 0.4996639784946237 0.44606854838709675 0.5000000000000001 0.4342237903225807 0.5016801075268817 0.4256552419354839 0.5060483870967742 0.42338709677419356 0.5151209677419355 0.42288306451612906 0.5238575268817205 0.42363911290322576 0.5299059139784946
1 0.5047883064516129 0.5043682795698925 0.5090725806451613 0.5067204301075269 0.5171370967741935 0.5325940860215054 0.5191532258064516 0.5359543010752689 0.522429435483871 0.5366263440860215 0.5241935483870968 0.532258064516129 0.5259576612903226 0.530241935483871 0.5294858870967742 0.530241935483871 0.5320060483870968 0.5329301075268817 0.5337701612903226 0.5386424731182796 0.5370463709677419 0.5433467741935485 0.5355342741935484 0.5500672043010754 0.5355342741935484 0.5537634408602151 0.5362903225806451 0.5551075268817205 0.5403225806451613 0.5571236559139785 0.5506552419354839 0.5571236559139785 0.5526713709677419 0.5554435483870969 0.5572076612903226 0.5483870967741935 0.5582157258064516 0.5430107526881721 0.5607358870967742 0.5396505376344086 0.5640120967741935 0.539986559139785 0.5652721774193549 0.5413306451612904 0.5675403225806451 0.550739247311828 0.5710685483870968 0.551747311827957 0.5723286290322581 0.5500672043010754 0.5728326612903226 0.540994623655914 0.5708165322580645 0.529233870967742 0.5652721774193549 0.5201612903225806 0.5589717741935484 0.5050403225806451 0.5483870967741935 0.4932795698924732 0.5405745967741935 0.48924731182795705 0.5211693548387097 0.4899193548387097 0.5158770161290323 0.49092741935483875 0.5050403225806451 0.4983198924731183 0.5042842741935484 0.501008064516129 0.5047883064516129 0.5043682795698925
1 0.30292338709677424 0.33770161290322587 0.3084677419354839 0.3420698924731183 0.31401209677419356 0.34442204301075274 0.3155241935483871 0.3316532258064516 0.3167842741935484 0.32829301075268824 0.3162802419354839 0.32123655913978494 0.31451612903225806 0.31955645161290325 0.31098790322580644 0.31854838709677424 0.30569556451612906 0.31854838709677424 0.30216733870967744 0.32123655913978494 0.3004032258064516 0.32594086021505375 0.3004032258064516 0.3323252688172043 0.30292338709677424 0.33770161290322587
1 0.2878024193548387 0.35920698924731187 0.2895665322580645 0.3615591397849463 0.2933467741935484 0.3629032258064516 0.29838709677419356 0.3602150537634409 0.3074596774193548 0.35920698924731187 0.3077116935483871 0.35551075268817206 0.30544354838709675 0.3481182795698925 0.30367943548387094 0.34543010752688175 0.3001512096774193 0.3430779569892473 0.2971270161290323 0.3413978494623656 0.2935987903225806 0.3413978494623656 0.28931451612903225 0.3434139784946237 0.28654233870967744 0.3464381720430108 0.28629032258064513 0.3511424731182796 0.2878024193548387 0.35920698924731187
1 0.32207661290322576 0.4526209677419355 0.3233366935483871 0.4586693548387097 0.32636088709677424 0.46505376344086025 0.328125 0.4771505376344087 0.32963709677419356 0.4791666666666667 0.33492943548387094 0.4801747311827957 0.34475806451612906 0.47446236559139787 0.3515625 0.4731182795698925 0.3616431451612903 0.4731182795698925 0.3666834677419355 0.47110215053763443 0.36617943548387094 0.46303763440860224 0.35786290322580644 0.4425403225806452 0.35231854838709675 0.43346774193548393 0.3485383064516129 0.4327956989247312 0.34526209677419356 0.43380376344086025 0.3432459677419355 0.43178763440860213 0.3407258064516129 0.4311155913978495 0.3286290322580645 0.43178763440860213 0.3276209677419355 0.4321236559139785 0.3238407258064516 0.43985215053763443 0.32182459677419356 0.4459005376344087 0.32207661290322576 0.4526209677419355
1 0.3480342741935484 0.4146505376344087 0.35231854838709675 0.4200268817204301 0.3555947580645161 0.42204301075268824 0.36038306451612906 0.41834677419354843 0.36189516129032256 0.41162634408602156 0.3641633064516129 0.40826612903225806 0.3671875 0.40658602150537637 0.3797883064516129 0.40322580645161293 0.3823084677419355 0.4008736559139785 0.38079637096774194 0.39717741935483875 0.37651209677419356 0.39314516129032256 0.37348790322580644 0.3881048387096775 0.3702116935483871 0.38608870967741943 0.3634072580645161 0.3844086021505376 0.35131048387096775 0.38676075268817206 0.3487903225806452 0.3911290322580645 0.3465221774193548 0.4008736559139785 0.34627016129032256 0.4049059139784947 0.3480342741935484 0.4146505376344087
1 0.28099798387096775 0.33803763440860213 0.28276209677419356 0.3434139784946237 0.2857862903225806 0.34610215053763443 0.2872983870967742 0.34543010752688175 0.2885584677419355 0.33971774193548393 0.28981854838709675 0.33770161290322587 0.2963709677419355 0.33971774193548393 0.2973790322580645 0.33870967741935487 0.2971270161290323 0.3316532258064516 0.2930947580645161 0.3239247311827957 0.29007056451612906 0.322244623655914 0.2867943548387097 0.322244623655914 0.2830141129032258 0.3239247311827957 0.2807459677419355 0.32661290322580644 0.28024193548387094 0.33467741935483875 0.28099798387096775 0.33803763440860213
1 0.36895161290322576 0.4459005376344087 0.3709677419354839 0.4465725806451613 0.3772681451612903 0.44623655913978494 0.3782762096774193 0.44321236559139787 0.3785282258064516 0.435483870967742 0.3823084677419355 0.4250672043010753 0.3870967741935484 0.4210349462365592 0.3939012096774193 0.41801075268817206 0.3936491935483871 0.4146505376344087 0.3911290322580645 0.4102822580645161 0.3870967741935484 0.40759408602150543 0.38180443548387094 0.40625 0.36567540322580644 0.40793010752688175 0.3631552419354839 0.4109543010752688 0.36189516129032256 0.4176747311827957 0.3623991935483871 0.43649193548387105 0.36895161290322576 0.4459005376344087
1 0.4183467741935484 0.35215053763440857 0.42338709677419356 0.35954301075268824 0.4251512096774193 0.36525537634408606 0.43069556451612906 0.36424731182795705 0.43573588709677424 0.3649193548387097 0.43674395161290325 0.3635752688172043 0.43850806451612906 0.35920698924731187 0.43876008064516125 0.35551075268817206 0.4380040322580645 0.3484543010752688 0.43573588709677424 0.34375 0.4251512096774193 0.34005376344086025 0.421875 0.3424059139784947 0.42036290322580644 0.34475806451612906 0.4183467741935484 0.3487903225806452 0.4183467741935484 0.35215053763440857
1 0.3777721774193548 0.3800403225806452 0.38029233870967744 0.384744623655914 0.38382056451612906 0.3877688172043011 0.3870967741935484 0.3877688172043011 0.38860887096774194 0.3830645161290323 0.3911290322580645 0.38071236559139787 0.3951612903225807 0.37869623655913975 0.4014616935483871 0.3780241935483871 0.4032258064516129 0.37668010752688175 0.40095766129032256 0.3662634408602151 0.3944052419354839 0.3625672043010753 0.38356854838709675 0.3635752688172043 0.38130040322580644 0.36525537634408606 0.3785282258064516 0.3696236559139785 0.3772681451612903 0.37600806451612906 0.3777721774193548 0.3800403225806452
1 0.5561995967741935 0.4459005376344087 0.5612399193548387 0.4512768817204301 0.5640120967741935 0.456989247311828 0.5710685483870968 0.4663978494623656 0.5748487903225806 0.4663978494623656 0.5806451612903226 0.4684139784946237 0.5889616935483871 0.4684139784946237 0.6023185483870968 0.4717741935483871 0.609375 0.4717741935483871 0.616179435483871 0.47076612903225806 0.6186995967741935 0.46606182795698925 0.6184475806451614 0.4566532258064516 0.616179435483871 0.4512768817204301 0.6136592741935485 0.44825268817204306 0.6076108870967742 0.44388440860215056 0.6008064516129032 0.4351478494623656 0.5894657258064516 0.4274193548387097 0.5773689516129032 0.425739247311828 0.5677923387096774 0.42775537634408606 0.5597278225806451 0.43380376344086025 0.5567036290322581 0.4375 0.555695564516129 0.4401881720430108 0.5551915322580645 0.4425403225806452 0.5561995967741935 0.4459005376344087
1 0.42111895161290325 0.36223118279569894 0.421875 0.363239247311828 0.42263104838709675 0.3625672043010753 0.421875 0.35920698924731187 0.4213709677419355 0.36055107526881724 0.4221270161290323 0.36122311827956993 0.42111895161290325 0.36223118279569894
1 0.40423387096774194 0.34475806451612906 0.40700604838709675 0.3481182795698925 0.40801411290322576 0.35080645161290325 0.4105342741935484 0.3528225806451613 0.41607862903225806 0.3528225806451613 0.4180947580645161 0.35013440860215056 0.42036290322580644 0.3420698924731183 0.42061491935483875 0.33467741935483875 0.41935483870967744 0.331989247311828 0.4092741935483871 0.3286290322580645 0.40473790322580644 0.3289650537634409 0.4034778225806452 0.3316532258064516 0.4032258064516129 0.34173387096774194 0.40423387096774194 0.34475806451612906
1 0.30720766129032256 0.4280913978494624 0.31426411290322576 0.4274193548387097 0.3162802419354839 0.4254032258064516 0.31779233870967744 0.4203629032258065 0.3205645161290323 0.41633064516129037 0.3329133064516129 0.4112903225806452 0.3326612903225807 0.40288978494623656 0.3245967741935484 0.3914650537634409 0.31224798387096775 0.3938172043010753 0.30619959677419356 0.3985215053763441 0.30443548387096775 0.40255376344086025 0.30544354838709675 0.4210349462365592 0.30720766129032256 0.4280913978494624
1 0.3639112903225807 0.372983870967742 0.3671875 0.3780241935483871 0.3719758064516129 0.38071236559139787 0.3752520161290323 0.38037634408602156 0.37752016129032256 0.37869623655913975 0.3787802419354839 0.372983870967742 0.3823084677419355 0.36592741935483875 0.3830645161290323 0.3625672043010753 0.3805443548387097 0.35483870967741943 0.37651209677419356 0.3518145161290323 0.37323588709677424 0.3518145161290323 0.36643145161290325 0.3551747311827957 0.3641633064516129 0.3585349462365592 0.3634072580645161 0.3625672043010753 0.3629032258064516 0.36995967741935487 0.3639112903225807 0.372983870967742
1 0.41204637096774194 0.5984543010752689 0.4112903225806452 0.5964381720430109 0.41154233870967744 0.5991263440860215 0.41204637096774194 0.5984543010752689
1 0.36013104838709675 0.5709005376344086 0.36643145161290325 0.5719086021505377 0.36895161290322576 0.5752688172043011 0.3712197580645161 0.580981182795699 0.37247983870967744 0.5873655913978495 0.37298387096774194 0.6021505376344086 0.37651209677419356 0.602486559139785 0.38079637096774194 0.5994623655913979 0.3868447580645161 0.5991263440860215 0.3928931451612903 0.5967741935483871 0.41154233870967744 0.594758064516129 0.42086693548387094 0.5903897849462366 0.4261592741935484 0.591733870967742 0.42867943548387094 0.5954301075268817 0.43170362903225806 0.5913978494623656 0.4327116935483871 0.5786290322580646 0.42893145161290325 0.5577956989247312 0.41935483870967744 0.5342741935483871 0.41280241935483875 0.5238575268817205 0.40776209677419356 0.5215053763440861 0.4057459677419355 0.5188172043010754 0.4032258064516129 0.5084005376344086 0.39919354838709675 0.5043682795698925 0.3936491935483871 0.5016801075268817 0.3860887096774193 0.5003360215053764 0.36869959677419356 0.5050403225806451 0.36617943548387094 0.5080645161290323 0.3621471774193548 0.5188172043010754 0.36088709677419356 0.5265456989247312 0.36063508064516125 0.5349462365591399 0.359375 0.5389784946236559 0.35912298387096775 0.5621639784946237 0.36013104838709675 0.5709005376344086
1 0.40095766129032256 0.48118279569892475 0.4007056451612903 0.47748655913978494 0.40020161290322576 0.48051075268817206 0.40095766129032256 0.48118279569892475
1 0.4808467741935484 0.3830645161290323 0.4879032258064516 0.38709677419354843 0.49420362903225806 0.38911290322580644 0.49974798387096775 0.3881048387096775 0.5015120967741935 0.38575268817204306 0.5037802419354839 0.3733198924731183 0.5027721774193549 0.3696236559139785 0.49470766129032256 0.3662634408602151 0.49067540322580644 0.3629032258064516 0.4884072580645161 0.36223118279569894 0.48412298387096775 0.3625672043010753 0.4803427419354839 0.3649193548387097 0.4788306451612903 0.36895161290322587 0.47857862903225806 0.3790322580645161 0.4808467741935484 0.3830645161290323
1 0.3520665322580645 0.35551075268817206 0.3555947580645161 0.3615591397849463 0.35912298387096775 0.3649193548387097 0.36113911290322576 0.363239247311828 0.3641633064516129 0.35618279569892475 0.37298387096774194 0.3518145161290323 0.3772681451612903 0.35215053763440857 0.37701612903225806 0.34912634408602156 0.37323588709677424 0.3434139784946237 0.3674395161290323 0.33971774193548393 0.36617943548387094 0.33770161290322587 0.3623991935483871 0.3373655913978495 0.35735887096774194 0.33938172043010756 0.3548387096774193 0.34106182795698925 0.3518145161290323 0.34509408602150543 0.3510584677419355 0.3477822580645161 0.35080645161290325 0.35215053763440857 0.3520665322580645 0.35551075268817206
1 0.21723790322580644 0.3696236559139785 0.23034274193548387 0.37197580645161293 0.23361895161290322 0.37600806451612906 0.23538306451612903 0.3844086021505376 0.23639112903225806 0.38608870967741943 0.23765120967741937 0.38676075268817206 0.24017137096774194 0.38373655913978494 0.24092741935483872 0.3800403225806452 0.24092741935483872 0.37063172043010756 0.24017137096774194 0.3682795698924731 0.23790322580645162 0.36592741935483875 0.23840725806451615 0.3625672043010753 0.23765120967741937 0.3615591397849463 0.2265625 0.35920698924731187 0.22026209677419356 0.3598790322580645 0.21950604838709678 0.36223118279569894 0.21900201612903225 0.3672715053763441 0.21723790322580644 0.3696236559139785
1 0.20992943548387097 0.4227150537634409 0.23487903225806453 0.41868279569892475 0.2361391129032258 0.4153225806451613 0.2361391129032258 0.40625 0.23538306451612903 0.3975134408602151 0.23286290322580644 0.38911290322580644 0.22757056451612903 0.38676075268817206 0.21975806451612903 0.38676075268817206 0.2134576612903226 0.3881048387096775 0.21068548387096775 0.3894489247311828 0.20866935483870966 0.394489247311828 0.20791330645161288 0.4102822580645161 0.20992943548387097 0.4227150537634409
1 0.23210685483870966 0.46774193548387105 0.23235887096774194 0.4737903225806452 0.23563508064516128 0.47446236559139787 0.24117943548387097 0.47244623655913986 0.2447076612903226 0.4727822580645161 0.24848790322580644 0.47580645161290325 0.25201612903225806 0.48118279569892475 0.25856854838709675 0.48723118279569894 0.2626008064516129 0.4865591397849463 0.2689012096774194 0.4905913978494624 0.27268145161290325 0.4899193548387097 0.27620967741935487 0.47748655913978494 0.27595766129032256 0.4526209677419355 0.27444556451612906 0.44959677419354843 0.27192540322580644 0.44825268817204306 0.26537298387096775 0.4418682795698925 0.2512600806451613 0.4422043010752688 0.24117943548387097 0.44321236559139787 0.23815524193548387 0.44623655913978494 0.2361391129032258 0.4506048387096775 0.23336693548387097 0.4526209677419355 0.23387096774193547 0.4576612903225807 0.23210685483870966 0.46774193548387105
1 0.23487903225806453 0.3467741935483871 0.23664314516129034 0.34912634408602156 0.23765120967741937 0.3528225806451613 0.24117943548387097 0.35248655913978494 0.24193548387096775 0.3487903225806452 0.24495967741935484 0.34576612903225806 0.24596774193548387 0.34173387096774194 0.24521169354838712 0.33467741935483875 0.24344758064516128 0.33098118279569894 0.24117943548387097 0.3286290322580645 0.2326108870967742 0.33098118279569894 0.23009072580645162 0.3350134408602151 0.22883064516129034 0.3390456989247312 0.22883064516129034 0.34408602150537637 0.23487903225806453 0.3467741935483871
1 0.8074596774193549 0.5601478494623656 0.8117439516129032 0.5655241935483871 0.8170362903225806 0.5682123655913979 0.8273689516129032 0.561491935483871 0.8321572580645161 0.561491935483871 0.834929435483871 0.5628360215053764 0.8377016129032258 0.561491935483871 0.8384576612903225 0.5608198924731183 0.8377016129032258 0.5581317204301075 0.8384576612903225 0.5530913978494625 0.8412298387096775 0.5504032258064516 0.84375 0.5514112903225806 0.8472782258064515 0.5571236559139785 0.8472782258064515 0.5608198924731183 0.8452620967741935 0.5675403225806451 0.8452620967741935 0.5745967741935485 0.8475302419354839 0.5762768817204301 0.852570564516129 0.5762768817204301 0.8558467741935485 0.5782930107526882 0.8576108870967742 0.5813172043010754 0.8596270161290323 0.591733870967742 0.8626512096774194 0.5967741935483871 0.8732358870967742 0.6008064516129032 0.8757560483870968 0.6031586021505376 0.8765120967741935 0.6058467741935485 0.8792842741935485 0.6071908602150538 0.883820564516129 0.6071908602150538 0.8868447580645161 0.6028225806451614 0.8886088709677419 0.6018145161290323 0.8901209677419355 0.5997983870967742 0.8908770161290323 0.5967741935483871 0.8941532258064515 0.5934139784946237 0.8984375 0.5944220430107527 0.9027217741935485 0.6018145161290323 0.9044858870967742 0.602486559139785 0.9077620967741935 0.601478494623656 0.9122983870967742 0.5987903225806451 0.915070564516129 0.5897177419354839 0.9183467741935485 0.5887096774193549 0.922883064516129 0.591733870967742 0.922883064516129 0.5954301075268817 0.9198588709677419 0.5987903225806451 0.9203629032258065 0.6055107526881721 0.9233870967741935 0.6129032258064517 0.9264112903225806 0.6149193548387097 0.9322076612903225 0.6155913978494624 0.9372479838709677 0.6206317204301075 0.9412802419354839 0.6209677419354839 0.9448084677419355 0.6186155913978495 0.952116935483871 0.6165994623655914 0.9571572580645161 0.6135752688172043 0.9591733870967742 0.6092069892473119 0.9586693548387096 0.5964381720430109 0.9569052419354839 0.5930779569892474 0.9538810483870968 0.5897177419354839 0.946320564516129 0.5860215053763441 0.9422883064516129 0.5813172043010754 0.9362399193548386 0.5772849462365591 0.9339717741935485 0.5742607526881721 0.9309475806451614 0.5655241935483871 0.9248991935483871 0.5635080645161291 0.9183467741935485 0.5524193548387097 0.9105342741935485 0.5446908602150538 0.90625 0.542002688172043 0.883820564516129 0.5359543010752689 0.8639112903225806 0.5352822580645161 0.8591229838709677 0.5379704301075269 0.8530745967741935 0.5369623655913979 0.8492943548387096 0.5346102150537635 0.8422379032258065 0.5329301075268817 0.8344254032258065 0.5329301075268817 0.8319052419354839 0.5342741935483871 0.8215725806451614 0.5359543010752689 0.8127520161290323 0.5352822580645161 0.8092237903225806 0.5379704301075269 0.8067036290322581 0.5433467741935485 0.8059475806451614 0.5483870967741935 0.805695564516129 0.5544354838709677 0.8074596774193549 0.5601478494623656
1 0.42867943548387094 0.43884408602150543 0.43220766129032256 0.43481182795698925 0.4334677419354839 0.4307795698924732 0.4352318548387097 0.42842741935483875 0.43926411290322576 0.4287634408602151 0.44405241935483875 0.43850806451612906 0.4448084677419355 0.4465725806451613 0.44606854838709675 0.4506048387096775 0.453125 0.44993279569892475 0.4566532258064516 0.44825268817204306 0.4652217741935484 0.435483870967742 0.4657258064516129 0.4321236559139785 0.46219758064516125 0.4264112903225807 0.46018145161290325 0.4200268817204301 0.45236895161290325 0.4112903225806452 0.4420362903225807 0.4106182795698925 0.43548387096774194 0.4089381720430108 0.42893145161290325 0.41229838709677424 0.4261592741935484 0.4166666666666667 0.4259072580645161 0.42372311827956993 0.42867943548387094 0.43884408602150543
1 0.45967741935483875 0.46572580645161293 0.46345766129032256 0.47009408602150543 0.46698588709677424 0.47076612903225806 0.4737903225806452 0.48219086021505375 0.4803427419354839 0.4899193548387097 0.4821068548387097 0.48924731182795705 0.48538306451612906 0.48555107526881724 0.4879032258064516 0.48454301075268824 0.49117943548387094 0.4912634408602151 0.49470766129032256 0.4952956989247312 0.49873991935483875 0.49596774193548393 0.5120967741935484 0.49159946236559143 0.514616935483871 0.4879032258064516 0.5153729838709677 0.48420698924731187 0.5138608870967742 0.47647849462365593 0.5098286290322581 0.46942204301075274 0.5052923387096774 0.4563172043010753 0.5022681451612903 0.4516129032258065 0.4949596774193548 0.44522849462365593 0.48613911290322576 0.4401881720430108 0.4805947580645161 0.4351478494623656 0.47479838709677424 0.43413978494623656 0.46673387096774194 0.43481182795698925 0.45967741935483875 0.44321236559139787 0.4569052419354839 0.4502688172043011 0.4566532258064516 0.4566532258064516 0.45967741935483875 0.46572580645161293
1 0.3175403225806452 0.447244623655914 0.32106854838709675 0.4469086021505377 0.3233366935483871 0.43985215053763443 0.32686491935483875 0.4321236559139785 0.328125 0.4311155913978495 0.34223790322580644 0.4304435483870968 0.34979838709677424 0.4321236559139785 0.3485383064516129 0.4250672043010753 0.34475806451612906 0.41733870967741943 0.34223790322580644 0.4146505376344087 0.3331653225806452 0.41196236559139787 0.3251008064516129 0.41330645161290325 0.3203125 0.4153225806451613 0.3167842741935484 0.4227150537634409 0.31502016129032256 0.4297715053763441 0.3147681451612903 0.43918010752688175 0.3175403225806452 0.447244623655914
1 0.40776209677419356 0.415994623655914 0.4107862903225807 0.4227150537634409 0.4145665322580645 0.4270833333333333 0.4251512096774193 0.42439516129032256 0.4269153225806452 0.42170698924731187 0.42867943548387094 0.41397849462365593 0.43649193548387094 0.4109543010752688 0.4380040322580645 0.4089381720430108 0.43649193548387094 0.4008736559139785 0.43220766129032256 0.3941532258064516 0.42767137096774194 0.3914650537634409 0.4188508064516129 0.3894489247311828 0.41481854838709675 0.39079301075268824 0.4112903225806452 0.39314516129032256 0.4067540322580645 0.4015456989247312 0.40625 0.4092741935483871 0.40776209677419356 0.415994623655914
1 0.3074596774193548 0.31384408602150543 0.31123991935483875 0.31485215053763443 0.3175403225806452 0.31317204301075274 0.3180443548387097 0.30477150537634407 0.3167842741935484 0.3020833333333333 0.31174395161290325 0.29973118279569894 0.30670362903225806 0.30006720430107525 0.30544354838709675 0.30174731182795705 0.3046875 0.3037634408602151 0.3074596774193548 0.31384408602150543
1 0.4180947580645161 0.3877688172043011 0.43220766129032256 0.3914650537634409 0.43649193548387094 0.3800403225806452 0.4407762096774193 0.37634408602150543 0.4422883064516129 0.372983870967742 0.4397681451612903 0.3679435483870968 0.43598790322580644 0.3655913978494624 0.4251512096774193 0.36424731182795705 0.41935483870967744 0.3696236559139785 0.4175907258064516 0.37533602150537637 0.4170866935483871 0.38138440860215056 0.4180947580645161 0.3877688172043011
1 0.5171370967741935 0.4731182795698925 0.5186491935483871 0.4771505376344087 0.5332661290322581 0.48723118279569894 0.5398185483870968 0.4875672043010753 0.5501512096774194 0.4905913978494624 0.5516633064516129 0.4879032258064516 0.5534274193548387 0.48051075268817206 0.5554435483870968 0.4771505376344087 0.5572076612903226 0.4761424731182796 0.5607358870967742 0.4781586021505377 0.5652721774193549 0.47513440860215056 0.569304435483871 0.47009408602150543 0.5690524193548387 0.466733870967742 0.5647681451612903 0.45900537634408606 0.553679435483871 0.4455645161290323 0.5309979838709677 0.4455645161290323 0.522429435483871 0.44926075268817206 0.5186491935483871 0.4526209677419355 0.5168850806451613 0.4566532258064516 0.5161290322580645 0.46606182795698925 0.5171370967741935 0.4731182795698925
1 0.530241935483871 0.4112903225806452 0.5330141129032258 0.41330645161290325 0.5365423387096774 0.41397849462365593 0.5430947580645161 0.41969086021505375 0.5675403225806451 0.41834677419354843 0.5682963709677419 0.41633064516129037 0.5688004032258065 0.40793010752688175 0.5675403225806451 0.40356182795698925 0.5612399193548387 0.3941532258064516 0.5574596774193549 0.3901209677419355 0.5509072580645161 0.38676075268817206 0.5413306451612903 0.38608870967741943 0.532258064516129 0.3887768817204301 0.5279737903225806 0.3941532258064516 0.5279737903225806 0.40053763440860213 0.530241935483871 0.4112903225806452
1 0.48311491935483875 0.435483870967742 0.4873991935483871 0.43985215053763443 0.49042338709677424 0.4408602150537635 0.4994959677419355 0.447244623655914 0.5035282258064516 0.4522849462365592 0.5085685483870968 0.4616935483870968 0.5133568548387097 0.4610215053763441 0.5153729838709677 0.4586693548387097 0.5181451612903226 0.4519489247311828 0.5231854838709677 0.44858870967741943 0.5297379032258065 0.4459005376344087 0.5299899193548387 0.4425403225806452 0.524445564516129 0.43346774193548393 0.5226814516129032 0.4287634408602151 0.5163810483870968 0.4213709677419355 0.5120967741935484 0.41834677419354843 0.49117943548387094 0.41733870967741943 0.48639112903225806 0.42170698924731187 0.48336693548387094 0.4280913978494624 0.4821068548387097 0.4321236559139785 0.48311491935483875 0.435483870967742
1 0.5015120967741935 0.3938172043010753 0.5085685483870968 0.39650537634408606 0.5118447580645161 0.4008736559139785 0.522429435483871 0.40020161290322587 0.5262096774193549 0.3985215053763441 0.5307459677419355 0.3901209677419355 0.5327620967741935 0.3840725806451613 0.5320060483870968 0.38071236559139787 0.5274697580645161 0.37600806451612906 0.5199092741935484 0.37231182795698925 0.5075604838709677 0.37130376344086025 0.5047883064516129 0.3726478494623656 0.5025201612903226 0.37668010752688175 0.5007560483870968 0.38709677419354843 0.5015120967741935 0.3938172043010753
1 0.6285282258064515 0.4633736559139785 0.6297883064516129 0.46438172043010756 0.6376008064516129 0.4640456989247312 0.6446572580645161 0.4620295698924732 0.6547379032258065 0.4616935483870968 0.6655745967741935 0.46538978494623656 0.6703629032258065 0.46875 0.6844758064516129 0.48454301075268824 0.6872479838709677 0.48622311827956993 0.6925403225806451 0.49193548387096775 0.6970766129032258 0.4899193548387097 0.7008568548387096 0.48051075268817206 0.7011088709677419 0.4768145161290323 0.7003528225806451 0.4737903225806452 0.6834677419354839 0.4536290322580645 0.671875 0.44388440860215056 0.6587701612903225 0.4408602150537635 0.6411290322580646 0.4422043010752688 0.6300403225806451 0.4489247311827957 0.6277721774193549 0.45329301075268824 0.6275201612903225 0.4600134408602151 0.6285282258064515 0.4633736559139785
1 0.3399697580645161 0.39348118279569894 0.34198588709677424 0.40188172043010756 0.34526209677419356 0.4049059139784947 0.3472782258064516 0.3975134408602151 0.3475302419354839 0.39348118279569894 0.3510584677419355 0.38709677419354843 0.35332661290322576 0.3854166666666667 0.36139112903225806 0.38508064516129037 0.3649193548387097 0.3834005376344087 0.3641633064516129 0.3800403225806452 0.3626512096774193 0.3776881720430108 0.35257056451612906 0.37197580645161293 0.34198588709677424 0.37668010752688175 0.3407258064516129 0.3800403225806452 0.3394657258064516 0.38676075268817206 0.3399697580645161 0.39348118279569894
1 0.3175403225806452 0.3061155913978495 0.3208165322580645 0.3077956989247312 0.3251008064516129 0.3077956989247312 0.328125 0.3061155913978495 0.3283770161290323 0.30006720430107525 0.32711693548387094 0.2963709677419355 0.32560483870967744 0.29469086021505375 0.3205645161290323 0.29301075268817206 0.31779233870967744 0.29435483870967744 0.3165322580645161 0.29670698924731187 0.3157762096774193 0.3014112903225807 0.3175403225806452 0.3061155913978495
1 0.3276209677419355 0.3316532258064516 0.33064516129032256 0.3336693548387097 0.33492943548387094 0.3333333333333333 0.33719758064516125 0.32795698924731187 0.3359375 0.31787634408602156 0.33467741935483875 0.31619623655913975 0.3314012096774193 0.31485215053763443 0.32736895161290325 0.3168682795698925 0.32636088709677424 0.31854838709677424 0.32560483870967744 0.32459677419354843 0.3276209677419355 0.3316532258064516
1 0.6156754032258065 0.48857526881720437 0.6197076612903225 0.4983198924731183 0.6232358870967742 0.5030241935483871 0.6305443548387096 0.5030241935483871 0.6386088709677419 0.5067204301075269 0.6403729838709677 0.508736559139785 0.6439012096774194 0.5084005376344086 0.6464213709677419 0.5033602150537635 0.6479334677419355 0.4912634408602151 0.6491935483870968 0.48689516129032256 0.6512096774193549 0.4835349462365592 0.6542338709677419 0.4818548387096775 0.6565020161290323 0.4848790322580645 0.6577620967741935 0.4912634408602151 0.6610383064516129 0.4946236559139785 0.6648185483870968 0.49395161290322587 0.6685987903225806 0.49596774193548393 0.6738911290322581 0.5003360215053764 0.678679435483871 0.5060483870967742 0.6844758064516129 0.5026881720430109 0.6867439516129032 0.5030241935483871 0.6882560483870968 0.5057123655913979 0.6890120967741935 0.509744623655914 0.6920362903225806 0.5154569892473119 0.6925403225806451 0.5188172043010754 0.6960685483870968 0.5215053763440861 0.6973286290322581 0.5117607526881721 0.6973286290322581 0.5047043010752689 0.6960685483870968 0.497983870967742 0.678679435483871 0.4781586021505377 0.6665826612903225 0.466733870967742 0.6582661290322581 0.46303763440860224 0.6413810483870968 0.4633736559139785 0.6197076612903225 0.47076612903225806 0.6171875 0.47345430107526887 0.6151713709677419 0.47983870967741943 0.6149193548387096 0.4848790322580645 0.6156754032258065 0.48857526881720437
2 0.7938508064516129 0.5151209677419355 0.7930947580645161 0.5191532258064516 0.7998991935483871 0.5295698924731183 0.8044354838709677 0.529233870967742 0.8067036290322581 0.5258736559139785 0.8051915322580646 0.5154569892473119 0.8132560483870968 0.5016801075268817 0.8092237903225806 0.4932795698924732 0.8072076612903225 0.48555107526881724 0.803679435483871 0.48051075268817206 0.7996471774193549 0.48118279569892475 0.7986391129032258 0.48420698924731187 0.7991431451612904 0.4879032258064516 0.7966229838709677 0.4912634408602151 0.7930947580645161 0.5047043010752689 0.7928427419354839 0.5120967741935485 0.7938508064516129 0.5151209677419355
2 0.33492943548387094 0.5873655913978495 0.34349798387096775 0.5863575268817205 0.3485383064516129 0.5883736559139785 0.3472782258064516 0.5913978494623656 0.3472782258064516 0.59375 0.3480342741935484 0.5981182795698926 0.3475302419354839 0.6135752688172043 0.3487903225806452 0.6192876344086022 0.35005040322580644 0.6145833333333334 0.35231854838709675 0.6105510752688171 0.35307459677419356 0.6061827956989247 0.35282258064516125 0.5950940860215055 0.34954637096774194 0.590725806451613 0.3487903225806452 0.5883736559139785 0.34954637096774194 0.5850134408602151 0.35257056451612906 0.5816532258064516 0.3538306451612903 0.5776209677419355 0.35231854838709675 0.571236559139785 0.3487903225806452 0.5651881720430109 0.3470262096774193 0.5638440860215054 0.34551411290322576 0.5564516129032259 0.3442540322580645 0.5547715053763441 0.34173387096774194 0.5527553763440861 0.33770161290322576 0.5557795698924731 0.33392137096774194 0.5685483870967742 0.3329133064516129 0.5749327956989247 0.3326612903225807 0.5813172043010754 0.33492943548387094 0.5873655913978495
2 0.7336189516129032 0.44758064516129037 0.735383064516129 0.4526209677419355 0.7346270161290323 0.45900537634408606 0.7351310483870968 0.46438172043010756 0.7376512096774194 0.4674059139784947 0.7399193548387096 0.4539650537634409 0.7444556451612904 0.4401881720430108 0.7442036290322581 0.435483870967742 0.7421875 0.42909946236559143 0.741179435483871 0.4223790322580645 0.7376512096774194 0.4206989247311828 0.7336189516129032 0.42775537634408606 0.7310987903225806 0.4358198924731183 0.7308467741935485 0.44321236559139787 0.7336189516129032 0.44758064516129037
2 0.49420362903225806 0.6401209677419355 0.4944556451612903 0.6471774193548389 0.49344758064516125 0.6549059139784946 0.49117943548387094 0.662970430107527 0.49017137096774194 0.6740591397849462 0.4881552419354839 0.6787634408602151 0.4879032258064516 0.6821236559139785 0.49017137096774194 0.682459677419355 0.4916834677419355 0.6821236559139785 0.49369959677419356 0.6737231182795699 0.4994959677419355 0.663978494623656 0.5012600806451613 0.6569220430107527 0.5035282258064516 0.6545698924731184 0.5035282258064516 0.6508736559139785 0.5047883064516129 0.6478494623655914 0.5045362903225806 0.6394489247311829 0.5078125 0.6357526881720431 0.5138608870967742 0.6350806451612904 0.5158770161290323 0.632728494623656 0.516633064516129 0.6266801075268817 0.5161290322580645 0.625 0.5138608870967742 0.6196236559139785 0.5095766129032258 0.6152553763440861 0.5083165322580645 0.6065188172043011 0.5065524193548387 0.6021505376344086 0.5050403225806451 0.6011424731182795 0.501008064516129 0.6021505376344086 0.49974798387096775 0.6055107526881721 0.49974798387096775 0.613239247311828 0.49420362903225806 0.6199596774193549 0.4924395161290323 0.6286962365591399 0.4924395161290323 0.6330645161290323 0.49420362903225806 0.6401209677419355
2 0.8208165322580646 0.5877016129032259 0.8245967741935485 0.591733870967742 0.8319052419354839 0.5887096774193549 0.8379536290322581 0.5883736559139785 0.8402217741935485 0.5846774193548387 0.8404737903225806 0.5813172043010754 0.836945564516129 0.5745967741935485 0.8339213709677419 0.5638440860215054 0.8316532258064515 0.5601478494623656 0.827116935483871 0.559475806451613 0.8243447580645161 0.5608198924731183 0.8230846774193549 0.5638440860215054 0.8210685483870968 0.5745967741935485 0.8200604838709677 0.5856854838709677 0.8208165322580646 0.5877016129032259
2 0.6439012096774194 0.5245295698924731 0.6517137096774194 0.5252016129032259 0.6585181451612904 0.5221774193548387 0.6585181451612904 0.5117607526881721 0.6575100806451614 0.508736559139785 0.6504536290322581 0.5036962365591399 0.647429435483871 0.5030241935483871 0.6436491935483871 0.5084005376344086 0.6431451612903225 0.5127688172043011 0.6426411290322581 0.5225134408602151 0.6439012096774194 0.5245295698924731
2 0.9049899193548386 0.6266801075268817 0.9075100806451614 0.6290322580645161 0.9138104838709677 0.6273521505376345 0.9180947580645161 0.6189516129032259 0.9223790322580646 0.6162634408602151 0.9213709677419355 0.6011424731182795 0.9231350806451614 0.5954301075268817 0.9231350806451614 0.591733870967742 0.921875 0.5893817204301075 0.9188508064516129 0.5877016129032259 0.9145665322580646 0.5880376344086022 0.9125504032258065 0.5913978494623656 0.9105342741935485 0.5987903225806451 0.9067540322580646 0.6021505376344086 0.9042338709677419 0.6095430107526881 0.9037298387096775 0.6206317204301075 0.9049899193548386 0.6266801075268817
2 0.8785282258064515 0.7513440860215055 0.881804435483871 0.7580645161290323 0.8828125 0.7641129032258065 0.8820564516129032 0.7862903225806451 0.8813004032258065 0.7886424731182797 0.8835685483870968 0.799731182795699 0.8825604838709677 0.8054435483870969 0.8835685483870968 0.8081317204301075 0.8870967741935485 0.8088037634408602 0.8881048387096775 0.8071236559139785 0.8870967741935485 0.799731182795699 0.8883568548387096 0.7967069892473119 0.8886088709677419 0.7896505376344086 0.8908770161290323 0.7799059139784946 0.8911290322580646 0.7725134408602151 0.8933971774193549 0.7701612903225807 0.9007056451612904 0.7731854838709679 0.9044858870967742 0.7731854838709679 0.905241935483871 0.7715053763440861 0.9042338709677419 0.7654569892473119 0.8989415322580646 0.7584005376344086 0.8971774193548386 0.7523521505376345 0.897429435483871 0.751008064516129 0.9009576612903225 0.7483198924731184 0.9017137096774194 0.7446236559139785 0.9012096774193549 0.7379032258064517 0.9019657258064515 0.7086693548387097 0.8999495967741935 0.7029569892473119 0.8944052419354839 0.6989247311827957 0.8891129032258065 0.7012768817204302 0.8868447580645161 0.7056451612903226 0.8868447580645161 0.7133736559139785 0.8850806451612904 0.7157258064516129 0.8795362903225806 0.7194220430107527 0.8767641129032258 0.7301747311827957 0.8765120967741935 0.7352150537634409 0.8785282258064515 0.7513440860215055
2 0.8820564516129032 0.6367607526881721 0.8843245967741935 0.643481182795699 0.8840725806451614 0.6656586021505376 0.8853326612903225 0.6693548387096775 0.8883568548387096 0.6703629032258065 0.8911290322580646 0.6693548387096775 0.8941532258064515 0.664986559139785 0.8961693548387096 0.6532258064516129 0.8966733870967742 0.6367607526881721 0.9027217741935485 0.6297043010752689 0.9034778225806451 0.6266801075268817 0.9022177419354839 0.6088709677419355 0.9007056451612904 0.6058467741935485 0.9007056451612904 0.5991263440860215 0.899445564516129 0.5954301075268817 0.897429435483871 0.5934139784946237 0.8939012096774194 0.5930779569892474 0.8923891129032258 0.5944220430107527 0.8891129032258065 0.6038306451612904 0.8835685483870968 0.6105510752688171 0.8825604838709677 0.6155913978494624 0.8810483870967742 0.6283602150537635 0.8820564516129032 0.6367607526881721
2 0.5118447580645161 0.8205645161290323 0.5143649193548387 0.8205645161290323 0.5148689516129032 0.8175403225806451 0.5118447580645161 0.8161962365591399 0.5108366935483871 0.8172043010752689 0.5118447580645161 0.8205645161290323
2 0.5073084677419355 0.7825940860215055 0.5078125 0.7862903225806451 0.5120967741935484 0.7973790322580646 0.5204133064516129 0.8104838709677419 0.5216733870967742 0.8148521505376345 0.5234375 0.8175403225806451 0.5241935483870968 0.8245967741935485 0.5189012096774194 0.8316532258064517 0.5209173387096774 0.8366935483870969 0.5216733870967742 0.8417338709677419 0.5241935483870968 0.8417338709677419 0.5259576612903226 0.8390456989247312 0.5259576612903226 0.8370295698924731 0.5249495967741935 0.8353494623655914 0.5254536290322581 0.831989247311828 0.5335181451612903 0.813508064516129 0.5337701612903226 0.8004032258064517 0.540070564516129 0.7956989247311829 0.5433467741935484 0.788978494623656 0.5481350806451613 0.7906586021505376 0.5531754032258065 0.7956989247311829 0.5572076612903226 0.7950268817204302 0.5577116935483871 0.7926747311827957 0.5569556451612903 0.7896505376344086 0.5496471774193549 0.782258064516129 0.546875 0.7782258064516129 0.5415826612903226 0.768481182795699 0.5398185483870968 0.7620967741935485 0.5378024193548387 0.7600806451612904 0.5357862903225806 0.7553763440860216 0.5345262096774194 0.7473118279569894 0.5327620967741935 0.7446236559139785 0.5297379032258065 0.7426075268817205 0.5259576612903226 0.7429435483870969 0.522429435483871 0.745967741935484 0.5189012096774194 0.7513440860215055 0.5178931451612903 0.7550403225806451 0.5118447580645161 0.7604166666666666 0.5103326612903226 0.7637768817204302 0.5085685483870968 0.7654569892473119 0.5083165322580645 0.7671370967741936 0.5093245967741935 0.7758736559139785 0.5073084677419355 0.7825940860215055
2 0.4430206356736243 0.6400873655913979 0.44354838709677424 0.6370967741935485 0.4425403225806452 0.6297043010752689 0.44430443548387094 0.6216397849462366 0.44455645161290325 0.6155913978494624 0.4493447580645161 0.612231182795699 0.45438508064516125 0.613239247311828 0.4566532258064516 0.6155913978494624 0.45892137096774194 0.6135752688172043 0.45992943548387094 0.6102150537634409 0.4576612903225807 0.5954301075268817 0.4553931451612903 0.591733870967742 0.453125 0.5813172043010754 0.4495967741935484 0.5752688172043011 0.4455645161290323 0.5759408602150538 0.4420362903225807 0.590725806451613 0.43926411290322576 0.5961021505376345 0.43825604838709675 0.6018145161290323 0.43825604838709675 0.6139112903225807 0.43674395161290325 0.6253360215053765 0.43901209677419356 0.6344086021505376 0.4430206356736243 0.6400873655913979
2 0.5435987903225806 0.6407930107526881 0.5433467741935484 0.6357526881720431 0.5415826612903226 0.6391129032258065 0.5413306451612903 0.6404569892473119 0.5435987903225806 0.6407930107526881
2 0.5486391129032258 0.6384408602150538 0.5493951612903226 0.6428091397849462 0.5501512096774194 0.6441532258064517 0.553679435483871 0.643481182795699 0.5539314516129032 0.6364247311827957 0.553679435483871 0.6344086021505376 0.5526713709677419 0.6334005376344086 0.5524193548387097 0.6297043010752689 0.5504032258064516 0.6273521505376345 0.5488911290322581 0.6297043010752689 0.5493951612903226 0.6334005376344086 0.5486391129032258 0.6384408602150538
2 0.5315020161290323 0.6092069892473119 0.5294858870967742 0.6179435483870969 0.5264616935483871 0.6401209677419355 0.5264616935483871 0.6441532258064517 0.5289818548387097 0.645497311827957 0.5309979838709677 0.6441532258064517 0.5337701612903226 0.6344086021505376 0.5342741935483871 0.6276881720430109 0.5383064516129032 0.6102150537634409 0.5398185483870968 0.6081989247311829 0.5425907258064516 0.6068548387096775 0.546875 0.6051747311827957 0.5504032258064516 0.6051747311827957 0.5534274193548387 0.6021505376344086 0.5509072580645161 0.5920698924731183 0.5509072580645161 0.5880376344086022 0.5483870967741935 0.582997311827957 0.5446068548387097 0.5793010752688172 0.5423387096774194 0.571236559139785 0.5398185483870968 0.5678763440860215 0.5360383064516129 0.5715725806451614 0.5340221774193549 0.5782930107526882 0.5307459677419355 0.5846774193548387 0.530241935483871 0.5961021505376345 0.5315020161290323 0.6092069892473119
2 0.6015625 0.5950940860215055 0.600554435483871 0.6135752688172043 0.6015625 0.6213037634408602 0.602570564516129 0.6216397849462366 0.6015625 0.6229838709677419 0.6023185483870968 0.6233198924731184 0.6033266129032258 0.6199596774193549 0.6088709677419355 0.6162634408602151 0.6106350806451614 0.6125672043010753 0.610383064516129 0.5950940860215055 0.6118951612903225 0.5890456989247312 0.6154233870967742 0.5840053763440861 0.6194556451612904 0.582997311827957 0.6202116935483871 0.5793010752688172 0.6169354838709677 0.561491935483871 0.6141633064516129 0.5571236559139785 0.6126512096774194 0.5500672043010754 0.609375 0.5453629032258065 0.6058467741935485 0.5477150537634409 0.6053427419354839 0.5584677419354839 0.6023185483870968 0.5631720430107527 0.6003024193548386 0.5685483870967742 0.5995463709677419 0.5793010752688172 0.6015625 0.5950940860215055
2 0.5226814516129032 0.5490591397849462 0.5294858870967742 0.5621639784946237 0.5330141129032258 0.5625000000000001 0.5345262096774194 0.5588037634408602 0.5350302419354839 0.5527553763440861 0.5372983870967742 0.5470430107526882 0.5370463709677419 0.5416666666666667 0.5332661290322581 0.5366263440860215 0.532258064516129 0.5329301075268817 0.5294858870967742 0.530241935483871 0.5257056451612903 0.5305779569892474 0.5221774193548387 0.5376344086021506 0.5216733870967742 0.5453629032258065 0.5226814516129032 0.5490591397849462
2 0.47026209677419356 0.6048387096774194 0.47076612903225806 0.6021505376344086 0.46950604838709675 0.6021505376344086 0.4690020161290323 0.602486559139785 0.47026209677419356 0.6048387096774194
2 0.4768145161290323 0.5883736559139785 0.47908266129032256 0.5893817204301075 0.4876512096774193 0.5887096774193549 0.49117943548387094 0.5903897849462366 0.49369959677419356 0.5880376344086022 0.49420362903225806 0.5705645161290323 0.49143145161290325 0.5641801075268817 0.49042338709677424 0.5571236559139785 0.4879032258064516 0.5527553763440861 0.484375 0.5534274193548387 0.48185483870967744 0.5571236559139785 0.4793346774193548 0.5692204301075269 0.47731854838709675 0.5745967741935485 0.47631048387096775 0.5816532258064516 0.4768145161290323 0.5883736559139785
2 0.9483366935483871 0.7513440860215055 0.9493447580645161 0.7550403225806451 0.9495967741935485 0.7620967741935485 0.9473286290322581 0.7725134408602151 0.9460685483870968 0.7953629032258065 0.9478326612903225 0.7977150537634409 0.9503528225806451 0.7980510752688174 0.9523689516129032 0.7967069892473119 0.9528729838709677 0.789986559139785 0.9556451612903225 0.7792338709677419 0.9571572580645161 0.7691532258064517 0.959929435483871 0.7617607526881721 0.9621975806451614 0.7506720430107527 0.9664818548387096 0.7473118279569894 0.9705141129032258 0.7402553763440861 0.9758064516129032 0.7342069892473119 0.9753024193548386 0.7305107526881721 0.9725302419354839 0.7234543010752689 0.9722782258064515 0.7160618279569894 0.9707661290322581 0.7103494623655914 0.9705141129032258 0.6999327956989247 0.9672379032258065 0.6928763440860216 0.9642137096774194 0.6908602150537635 0.9621975806451614 0.6908602150537635 0.9589213709677419 0.6925403225806451 0.9574092741935485 0.6945564516129032 0.954133064516129 0.7029569892473119 0.953125 0.7096774193548389 0.9490927419354839 0.7174059139784946 0.9480846774193549 0.7231182795698926 0.9498487903225806 0.7432795698924731 0.9483366935483871 0.7513440860215055
2 0.4571572580645161 0.6683467741935485 0.4574092741935484 0.6730510752688171 0.4561491935483871 0.6827956989247312 0.45438508064516125 0.688508064516129 0.4558971774193548 0.6911962365591399 0.4576612903225807 0.6908602150537635 0.46018145161290325 0.688508064516129 0.4637096774193548 0.6717069892473119 0.4611895161290323 0.6612903225806451 0.4609375 0.65625 0.45992943548387094 0.655241935483871 0.4566532258064516 0.6575940860215055 0.4579133064516129 0.663978494623656 0.4571572580645161 0.6683467741935485
2 0.45992943548387094 0.6475134408602151 0.4637096774193548 0.6468413978494624 0.4664818548387097 0.6448252688172043 0.4692540322580645 0.6448252688172043 0.47479838709677424 0.6502016129032259 0.47454637096774194 0.6612903225806451 0.4770665322580645 0.6750672043010753 0.4770665322580645 0.6821236559139785 0.4803427419354839 0.6888440860215055 0.48311491935483875 0.6881720430107527 0.48412298387096775 0.6854838709677419 0.4821068548387097 0.6760752688172043 0.4813508064516129 0.6670026881720431 0.47731854838709675 0.6481854838709679 0.47631048387096775 0.6475134408602151 0.47731854838709675 0.6360887096774194 0.47580645161290325 0.6303763440860215 0.47530241935483875 0.6229838709677419 0.4742943548387097 0.6199596774193549 0.4717741935483871 0.6169354838709679 0.4710181451612903 0.6095430107526881 0.47001008064516125 0.6075268817204302 0.46723790322580644 0.6051747311827957 0.4647177419354839 0.6075268817204302 0.46194556451612906 0.6162634408602151 0.45892137096774194 0.6192876344086022 0.4576612903225807 0.6246639784946237 0.4574092741935484 0.6381048387096775 0.45992943548387094 0.6475134408602151
2 0.8495463709677419 0.6858198924731184 0.8553427419354839 0.6979166666666666 0.8581149193548386 0.7076612903225807 0.8591229838709677 0.7147177419354839 0.8626512096774194 0.7224462365591399 0.8669354838709677 0.713709677419355 0.8699596774193549 0.7100134408602151 0.8709677419354839 0.7049731182795699 0.8717237903225806 0.6965725806451614 0.8707157258064515 0.6895161290322581 0.8714717741935485 0.6777553763440861 0.8697076612903225 0.6619623655913979 0.8707157258064515 0.6532258064516129 0.8699596774193549 0.6481854838709679 0.866179435483871 0.6458333333333334 0.8626512096774194 0.6468413978494624 0.8591229838709677 0.6508736559139785 0.8573588709677419 0.6545698924731184 0.8520665322580646 0.6596102150537635 0.8497983870967742 0.6690188172043011 0.8487903225806451 0.6777553763440861 0.8495463709677419 0.6858198924731184
2 0.7006048387096775 0.6717069892473119 0.7018649193548386 0.6737231182795699 0.7026209677419355 0.6787634408602151 0.7046370967741935 0.6841397849462366 0.7043850806451614 0.6901881720430109 0.7028729838709677 0.6955645161290323 0.7028729838709677 0.7036290322580646 0.7064012096774194 0.7103494623655914 0.709929435483871 0.707997311827957 0.7109375 0.7056451612903226 0.711945564516129 0.7029569892473119 0.7124495967741935 0.6955645161290323 0.7169858870967742 0.6898521505376345 0.7169858870967742 0.6844758064516129 0.7184979838709677 0.6790994623655914 0.7293346774193549 0.6643145161290323 0.7300907258064515 0.6485215053763441 0.7283266129032258 0.6401209677419355 0.7237903225806451 0.6354166666666666 0.7202620967741935 0.6364247311827957 0.7182459677419355 0.6421370967741936 0.7152217741935485 0.6468413978494624 0.7046370967741935 0.657258064516129 0.7026209677419355 0.6612903225806451 0.702116935483871 0.6666666666666666 0.7006048387096775 0.6717069892473119
2 0.4140625 0.6367607526881721 0.4112903225806452 0.6475134408602151 0.4110383064516129 0.6626344086021505 0.4085181451612903 0.6680107526881721 0.4090221774193548 0.6713709677419355 0.41204637096774194 0.6717069892473119 0.4143145161290323 0.6680107526881721 0.41607862903225806 0.6542338709677419 0.4180947580645161 0.6475134408602151 0.4191028225806452 0.6391129032258065 0.4191028225806452 0.6364247311827957 0.4168346774193548 0.632728494623656 0.4163306451612903 0.6300403225806451 0.4183467741935484 0.6273521505376345 0.4213709677419355 0.6256720430107527 0.42867943548387094 0.6246639784946237 0.4319556451612903 0.6266801075268817 0.4299395161290323 0.6360887096774194 0.43069556451612906 0.6407930107526881 0.4329637096774193 0.6441532258064517 0.4324596774193548 0.6612903225806451 0.43623991935483875 0.6633064516129032 0.4377520161290323 0.6589381720430109 0.43724798387096775 0.6502016129032259 0.43548387096774194 0.6404569892473119 0.4334677419354839 0.6364247311827957 0.4329637096774193 0.6310483870967742 0.4324596774193548 0.6300403225806451 0.43170362903225806 0.6303763440860215 0.4324596774193548 0.6266801075268817 0.4344758064516129 0.6233198924731184 0.4342237903225807 0.6196236559139785 0.4332157258064516 0.6145833333333334 0.42943548387096775 0.6058467741935485 0.42893145161290325 0.5981182795698926 0.4256552419354839 0.591733870967742 0.421875 0.5910618279569892 0.4185987903225807 0.5950940860215055 0.41154233870967744 0.6223118279569894 0.4117943548387097 0.6273521505376345 0.4140625 0.6367607526881721
2 0.5083165322580645 0.5903897849462366 0.5065524193548387 0.5971102150537635 0.5065524193548387 0.6021505376344086 0.5085685483870968 0.6048387096774194 0.5128528225806451 0.5994623655913979 0.5136088709677419 0.59375 0.5259576612903226 0.5974462365591399 0.5254536290322581 0.5961021505376345 0.5269657258064516 0.5957661290322581 0.5292338709677419 0.5856854838709677 0.5274697580645161 0.5779569892473119 0.5274697580645161 0.5729166666666667 0.5282258064516129 0.5685483870967742 0.530241935483871 0.5641801075268817 0.5299899193548387 0.5601478494623656 0.5216733870967742 0.5480510752688172 0.5194052419354839 0.5413306451612904 0.5183971774193549 0.5403225806451614 0.5151209677419355 0.539986559139785 0.5131048387096774 0.5426747311827957 0.5105846774193549 0.5557795698924731 0.5110887096774194 0.5695564516129032 0.5083165322580645 0.5903897849462366
2 0.7726814516129032 0.7815860215053765 0.7699092741935485 0.8030913978494624 0.7704133064516129 0.8071236559139785 0.7691532258064515 0.8296370967741936 0.7696572580645161 0.8313172043010753 0.772429435483871 0.8323252688172043 0.7746975806451614 0.8279569892473119 0.7762096774193549 0.8198924731182797 0.78125 0.807459677419355 0.7820060483870968 0.7930107526881721 0.7862903225806451 0.7872983870967742 0.7890625 0.7728494623655914 0.7920866935483871 0.7671370967741936 0.796875 0.7644489247311829 0.7981350806451614 0.7627688172043011 0.796875 0.75 0.7941028225806451 0.7415994623655914 0.7938508064516129 0.7315188172043011 0.790070564516129 0.7237903225806451 0.7857862903225806 0.7204301075268817 0.7840221774193549 0.7200940860215055 0.7815020161290323 0.7204301075268817 0.7792338709677419 0.7224462365591399 0.7777217741935485 0.7331989247311829 0.772429435483871 0.7402553763440861 0.7701612903225806 0.7513440860215055 0.772429435483871 0.7715053763440861 0.7726814516129032 0.7815860215053765
2 0.7595766129032258 0.6058467741935485 0.7598286290322581 0.6075268817204302 0.7608366935483871 0.6092069892473119 0.764616935483871 0.6105510752688171 0.7673891129032258 0.6145833333333334 0.7689012096774194 0.6202956989247312 0.772429435483871 0.6243279569892474 0.7789818548387096 0.6196236559139785 0.780241935483871 0.6172715053763441 0.7815020161290323 0.6125672043010753 0.7807459677419355 0.6061827956989247 0.7772177419354839 0.6001344086021505 0.7746975806451614 0.5913978494623656 0.7721774193548386 0.5877016129032259 0.7696572580645161 0.5863575268817205 0.765625 0.5873655913978495 0.7636088709677419 0.591733870967742 0.7631048387096775 0.5981182795698926 0.7595766129032258 0.6058467741935485
2 0.28881048387096775 0.5080645161290323 0.28830645161290325 0.5168010752688172 0.28981854838709675 0.5208333333333334 0.29057459677419356 0.5191532258064516 0.2903225806451613 0.5073924731182796 0.29107862903225806 0.5047043010752689 0.2930947580645161 0.5026881720430109 0.29611895161290325 0.5023521505376345 0.3001512096774193 0.5043682795698925 0.30267137096774194 0.5040322580645161 0.30569556451612906 0.5013440860215054 0.3049395161290323 0.497983870967742 0.2996471774193548 0.49025537634408606 0.29863911290322576 0.4848790322580645 0.296875 0.4818548387096775 0.2930947580645161 0.4831989247311828 0.2913306451612903 0.4895833333333334 0.2878024193548387 0.49495967741935487 0.28704637096774194 0.4983198924731183 0.2867943548387097 0.5030241935483871 0.28881048387096775 0.5080645161290323
2 0.6902721774193549 0.6512096774193549 0.6925403225806451 0.6569220430107527 0.694304435483871 0.6515456989247312 0.6973286290322581 0.6475134408602151 0.6988407258064515 0.6424731182795699 0.7018649193548386 0.6391129032258065 0.7046370967741935 0.6293682795698926 0.709929435483871 0.6179435483870969 0.7139616935483871 0.6165994623655914 0.7169858870967742 0.6169354838709679 0.7202620967741935 0.6199596774193549 0.7220262096774194 0.6186155913978495 0.7227822580645161 0.6162634408602151 0.7215221774193549 0.612231182795699 0.7157258064516129 0.6045026881720431 0.7127016129032258 0.5971102150537635 0.7111895161290323 0.590725806451613 0.7096774193548386 0.5883736559139785 0.7058971774193549 0.5877016129032259 0.7028729838709677 0.5903897849462366 0.7011088709677419 0.5987903225806451 0.696320564516129 0.6061827956989247 0.694304435483871 0.613239247311828 0.6925403225806451 0.6162634408602151 0.6910282258064515 0.632728494623656 0.6912802419354839 0.6475134408602151 0.6902721774193549 0.6512096774193549
2 0.49798387096774194 0.5456989247311829 0.5015120967741935 0.5477150537634409 0.5025201612903226 0.5467069892473119 0.5022681451612903 0.5433467741935485 0.5037802419354839 0.5389784946236559 0.5083165322580645 0.5376344086021506 0.5120967741935484 0.5389784946236559 0.515625 0.5359543010752689 0.515625 0.5248655913978495 0.5131048387096774 0.5198252688172044 0.5095766129032258 0.5077284946236559 0.5050403225806451 0.5020161290322581 0.5012600806451613 0.508736559139785 0.49974798387096775 0.5161290322580646 0.4954637096774193 0.5225134408602151 0.4952116935483871 0.5295698924731183 0.49420362903225806 0.5332661290322581 0.49420362903225806 0.5372983870967742 0.49798387096774194 0.5456989247311829
2 0.9354838709677419 0.7237903225806451 0.9407762096774194 0.7402553763440861 0.9412802419354839 0.7506720430107527 0.9369959677419355 0.7624327956989247 0.9375 0.7654569892473119 0.9390120967741935 0.7674731182795699 0.9427923387096775 0.7688172043010753 0.9470766129032258 0.7654569892473119 0.9448084677419355 0.7627688172043011 0.9448084677419355 0.7610887096774194 0.9458165322580646 0.7600806451612904 0.9493447580645161 0.7597446236559141 0.9498487903225806 0.7584005376344086 0.9495967741935485 0.7520161290322581 0.9485887096774194 0.7486559139784946 0.9501008064516129 0.7446236559139785 0.9498487903225806 0.7170698924731184 0.9533770161290323 0.7100134408602151 0.9548891129032258 0.7019489247311829 0.9579133064516129 0.6925403225806451 0.9564012096774194 0.6898521505376345 0.9533770161290323 0.6888440860215055 0.9465725806451614 0.6908602150537635 0.9427923387096775 0.694220430107527 0.9397681451612904 0.6992607526881721 0.9377520161290323 0.7066532258064517 0.9377520161290323 0.7167338709677419 0.9354838709677419 0.7237903225806451
2 0.834929435483871 0.5665322580645161 0.834929435483871 0.5698924731182796 0.8389616935483871 0.5793010752688172 0.8417338709677419 0.5823252688172044 0.8452620967741935 0.582997311827957 0.8472782258064515 0.5806451612903226 0.8518145161290323 0.5779569892473119 0.8528225806451614 0.5752688172043011 0.8523185483870968 0.5695564516129032 0.8500504032258065 0.5645161290322581 0.8492943548387096 0.5544354838709677 0.8455141129032258 0.5493951612903226 0.8419858870967742 0.5480510752688172 0.8389616935483871 0.549731182795699 0.8379536290322581 0.5524193548387097 0.8374495967741935 0.5601478494623656 0.834929435483871 0.5665322580645161
2 0.6759072580645161 0.5228494623655914 0.6890120967741935 0.5278897849462366 0.6902721774193549 0.5265456989247312 0.6927923387096775 0.519489247311828 0.6927923387096775 0.5147849462365591 0.6880040322580646 0.5026881720430109 0.6857358870967742 0.5006720430107527 0.6811995967741935 0.5033602150537635 0.6794354838709677 0.509744623655914 0.6776713709677419 0.5117607526881721 0.6764112903225806 0.5154569892473119 0.6754032258064515 0.5221774193548387 0.6759072580645161 0.5228494623655914
2 0.6350806451612904 0.6226478494623656 0.6353326612903225 0.6300403225806451 0.6393649193548386 0.6364247311827957 0.6413810483870968 0.6448252688172043 0.6439012096774194 0.6461693548387097 0.6459173387096775 0.643481182795699 0.6466733870967742 0.6407930107526881 0.6464213709677419 0.6344086021505376 0.649445564516129 0.6253360215053765 0.6509576612903225 0.6236559139784946 0.6577620967741935 0.623991935483871 0.6590221774193549 0.6209677419354839 0.657258064516129 0.6092069892473119 0.6547379032258065 0.601478494623656 0.6529737903225806 0.5987903225806451 0.6522177419354839 0.5883736559139785 0.6507056451612904 0.5843413978494625 0.6466733870967742 0.5833333333333334 0.6436491935483871 0.5853494623655914 0.641633064516129 0.5950940860215055 0.6365927419354839 0.6021505376344086 0.6360887096774194 0.6055107526881721 0.6335685483870968 0.6108870967741936 0.6333165322580646 0.6165994623655914 0.6350806451612904 0.6226478494623656
2 0.6532258064516129 0.5984543010752689 0.6567540322580646 0.6051747311827957 0.6585181451612904 0.612231182795699 0.6615423387096775 0.6162634408602151 0.6633064516129032 0.6092069892473119 0.6693548387096775 0.6021505376344086 0.6698588709677419 0.5997983870967742 0.6696068548387096 0.5877016129032259 0.6703629032258065 0.5846774193548387 0.6663306451612904 0.5675403225806451 0.6648185483870968 0.5655241935483871 0.6612903225806451 0.5645161290322581 0.6605342741935485 0.5651881720430109 0.6577620967741935 0.5698924731182796 0.6567540322580646 0.5769489247311829 0.6529737903225806 0.5816532258064516 0.6519657258064515 0.5850134408602151 0.6532258064516129 0.5984543010752689
2 0.5723286290322581 0.6021505376344086 0.5708165322580645 0.6085349462365592 0.5710685483870968 0.6169354838709679 0.5685483870967742 0.6344086021505376 0.5688004032258065 0.6370967741935485 0.5718245967741935 0.6397849462365592 0.5738407258064516 0.6381048387096775 0.5738407258064516 0.6323924731182795 0.5758568548387097 0.6226478494623656 0.5801411290322581 0.6129032258064517 0.5844254032258065 0.5987903225806451 0.5821572580645161 0.5954301075268817 0.5879536290322581 0.5910618279569892 0.5919858870967742 0.5913978494623656 0.5952620967741935 0.5944220430107527 0.5960181451612904 0.592741935483871 0.5960181451612904 0.5883736559139785 0.59375 0.5846774193548387 0.5934979838709677 0.5813172043010754 0.5899697580645161 0.5769489247311829 0.5882056451612903 0.5675403225806451 0.5851814516129032 0.560483870967742 0.5816532258064516 0.5574596774193549 0.578125 0.5588037634408602 0.577116935483871 0.5611559139784946 0.5761088709677419 0.5695564516129032 0.5730846774193549 0.5769489247311829 0.5708165322580645 0.5887096774193549 0.5708165322580645 0.5961021505376345 0.5723286290322581 0.6021505376344086
2 0.9390120967741935 0.6616263440860216 0.9427923387096775 0.6616263440860216 0.9460685483870968 0.6589381720430109 0.9564012096774194 0.662970430107527 0.959929435483871 0.6633064516129032 0.9609375 0.6619623655913979 0.959929435483871 0.6461693548387097 0.9579133064516129 0.6387768817204302 0.9579133064516129 0.6303763440860215 0.9561491935483871 0.6266801075268817 0.953125 0.6253360215053765 0.9480846774193549 0.6266801075268817 0.9448084677419355 0.633736559139785 0.9390120967741935 0.6407930107526881 0.9380040322580646 0.644489247311828 0.9369959677419355 0.6518817204301075 0.9390120967741935 0.6616263440860216
2 0.8112399193548386 0.7896505376344086 0.811491935483871 0.8000672043010753 0.8102318548387096 0.8071236559139785 0.8142641129032258 0.808467741935484 0.8152721774193549 0.8071236559139785 0.8162802419354839 0.8004032258064517 0.8200604838709677 0.7896505376344086 0.8203125 0.7862903225806451 0.8238407258064515 0.7738575268817205 0.828125 0.7674731182795699 0.8314012096774194 0.7657930107526882 0.8324092741935485 0.7620967741935485 0.8374495967741935 0.757728494623656 0.8402217741935485 0.7520161290322581 0.8399697580645161 0.7331989247311829 0.8384576612903225 0.725470430107527 0.8392137096774194 0.7167338709677419 0.8379536290322581 0.7130376344086022 0.8346774193548386 0.7103494623655914 0.8308971774193549 0.7096774193548389 0.8278729838709677 0.7120295698924731 0.8253528225806451 0.7190860215053765 0.8238407258064515 0.7211021505376345 0.8185483870967742 0.7237903225806451 0.8160282258064515 0.726478494623656 0.8127520161290323 0.7580645161290323 0.813508064516129 0.7758736559139785 0.8112399193548386 0.7896505376344086
2 0.6118951612903225 0.6233198924731184 0.6123991935483871 0.6290322580645161 0.6146673387096775 0.6387768817204302 0.6139112903225806 0.6478494623655914 0.6116431451612904 0.6586021505376345 0.6108870967741935 0.6713709677419355 0.6116431451612904 0.6754032258064517 0.6136592741935485 0.6764112903225807 0.616179435483871 0.6750672043010753 0.6139112903225806 0.6676747311827957 0.6171875 0.6609543010752689 0.6189516129032258 0.6512096774193549 0.6227318548387096 0.6471774193548389 0.6255040322580646 0.6418010752688171 0.6300403225806451 0.6414650537634409 0.6335685483870968 0.645497311827957 0.6353326612903225 0.6458333333333334 0.6370967741935485 0.6478494623655914 0.6373487903225806 0.6461693548387097 0.6370967741935485 0.6438172043010753 0.6320564516129032 0.6334005376344086 0.631804435483871 0.6297043010752689 0.6333165322580646 0.6226478494623656 0.6282762096774194 0.6081989247311829 0.6275201612903225 0.5987903225806451 0.6244959677419355 0.59375 0.6222278225806451 0.5924059139784946 0.6189516129032258 0.5944220430107527 0.6166834677419355 0.6021505376344086 0.6121471774193549 0.6098790322580646 0.6108870967741935 0.6139112903225807 0.610383064516129 0.6196236559139785 0.6118951612903225 0.6233198924731184
2 0.555695564516129 0.5786290322580646 0.5559475806451613 0.591733870967742 0.5551915322580645 0.5944220430107527 0.5549395161290323 0.6055107526881721 0.5574596774193549 0.6075268817204302 0.5594758064516129 0.6058467741935485 0.5599798387096774 0.6018145161290323 0.5612399193548387 0.5997983870967742 0.5642641129032258 0.5964381720430109 0.5675403225806451 0.5954301075268817 0.5677923387096774 0.5883736559139785 0.5710685483870968 0.5776209677419355 0.5718245967741935 0.5628360215053764 0.5710685483870968 0.5564516129032259 0.5665322580645161 0.5487231182795699 0.5655241935483871 0.540994623655914 0.5640120967741935 0.5386424731182796 0.5604838709677419 0.5383064516129032 0.5589717741935484 0.5396505376344086 0.5564516129032258 0.5490591397849462 0.5534274193548387 0.5534274193548387 0.5531754032258065 0.5672043010752689 0.555695564516129 0.5786290322580646
2 0.7502520161290323 0.6411290322580646 0.7517641129032258 0.6471774193548389 0.7522681451612904 0.6538978494623656 0.7537802419354839 0.6579301075268817 0.7532762096774194 0.6616263440860216 0.7515120967741935 0.6653225806451614 0.7550403225806451 0.6673387096774194 0.7585685483870968 0.6622983870967742 0.7590725806451614 0.6579301075268817 0.7631048387096775 0.6478494623655914 0.7631048387096775 0.6438172043010753 0.7721774193548386 0.6364247311827957 0.7729334677419355 0.6340725806451614 0.7726814516129032 0.6297043010752689 0.7704133064516129 0.6233198924731184 0.7678931451612904 0.6192876344086022 0.7661290322580646 0.6129032258064517 0.7620967741935485 0.6088709677419355 0.7585685483870968 0.6085349462365592 0.7477318548387096 0.6300403225806451 0.7474798387096775 0.6360887096774194 0.7502520161290323 0.6411290322580646
2 0.6126512096774194 0.5537634408602151 0.616179435483871 0.5540994623655914 0.618195564516129 0.5504032258064516 0.6234879032258065 0.5490591397849462 0.6252520161290323 0.5436827956989247 0.6255040322580646 0.5325940860215054 0.6237399193548386 0.5278897849462366 0.6207157258064515 0.5235215053763441 0.6164314516129032 0.5218413978494624 0.6129032258064515 0.5235215053763441 0.6113911290322581 0.5258736559139785 0.6098790322580646 0.5325940860215054 0.609375 0.5450268817204301 0.6126512096774194 0.5537634408602151
2 0.678679435483871 0.7846102150537635 0.6822076612903225 0.7859543010752689 0.6837197580645161 0.7829301075268817 0.6829637096774194 0.7795698924731184 0.6829637096774194 0.7688172043010753 0.6822076612903225 0.7657930107526882 0.6784274193548386 0.768481182795699 0.6779233870967742 0.7825940860215055 0.678679435483871 0.7846102150537635
2 0.6769153225806451 0.737231182795699 0.6791834677419355 0.7442876344086022 0.6794354838709677 0.7533602150537635 0.680695564516129 0.7617607526881721 0.6819556451612904 0.7647849462365592 0.6827116935483871 0.7624327956989247 0.6857358870967742 0.7594086021505376 0.6862399193548386 0.7550403225806451 0.6872479838709677 0.7533602150537635 0.6900201612903225 0.7523521505376345 0.6965725806451614 0.7547043010752689 0.6973286290322581 0.7516801075268817 0.6965725806451614 0.7446236559139785 0.6948084677419355 0.7412634408602151 0.6953125 0.7375672043010753 0.6993447580645161 0.7284946236559141 0.7028729838709677 0.727486559139785 0.7033770161290323 0.7247983870967742 0.7064012096774194 0.7251344086021506 0.7079133064516129 0.7241263440860216 0.7084173387096775 0.7224462365591399 0.7084173387096775 0.7204301075268817 0.7064012096774194 0.7174059139784946 0.696320564516129 0.7106854838709679 0.694304435483871 0.7056451612903226 0.6935483870967742 0.6932123655913979 0.6925403225806451 0.6891801075268817 0.6890120967741935 0.6861559139784946 0.6862399193548386 0.6854838709677419 0.6817036290322581 0.6888440860215055 0.680695564516129 0.6922043010752689 0.6804435483870968 0.6995967741935485 0.6791834677419355 0.7026209677419355 0.6738911290322581 0.7096774193548389 0.6706149193548386 0.7200940860215055 0.670866935483871 0.7271505376344086 0.6769153225806451 0.737231182795699
2 0.3555947580645161 0.6092069892473119 0.3555947580645161 0.6129032258064517 0.3548387096774193 0.6152553763440861 0.3538306451612903 0.6418010752688171 0.35257056451612906 0.6508736559139785 0.3558467741935484 0.6515456989247312 0.35861895161290325 0.6471774193548389 0.36063508064516125 0.6370967741935485 0.359375 0.614247311827957 0.35761088709677424 0.612231182795699 0.36038306451612906 0.6081989247311829 0.3676915322580645 0.6065188172043011 0.37323588709677424 0.6021505376344086 0.37348790322580644 0.594758064516129 0.3727318548387097 0.5903897849462366 0.3704637096774193 0.5850134408602151 0.36970766129032256 0.5782930107526882 0.3674395161290323 0.5735887096774194 0.3626512096774193 0.572244623655914 0.36088709677419356 0.5742607526881721 0.3596270161290323 0.5813172043010754 0.3543346774193548 0.5924059139784946 0.35332661290322576 0.5984543010752689 0.3538306451612903 0.6058467741935485 0.3555947580645161 0.6092069892473119
2 0.7759576612903225 0.592741935483871 0.7794858870967742 0.591733870967742 0.7860383064516129 0.5850134408602151 0.788054435483871 0.5816532258064516 0.7890625 0.5756048387096775 0.7888104838709677 0.571236559139785 0.7847782258064515 0.5557795698924731 0.782258064516129 0.5534274193548387 0.7784778225806451 0.5537634408602151 0.7759576612903225 0.5574596774193549 0.7749495967741935 0.5621639784946237 0.7706653225806451 0.5675403225806451 0.7694052419354839 0.5749327956989247 0.7701612903225806 0.5853494623655914 0.7759576612903225 0.592741935483871
2 0.7157258064516129 0.5534274193548387 0.71875 0.5571236559139785 0.7207661290322581 0.5638440860215054 0.7250504032258065 0.5554435483870969 0.725554435483871 0.5487231182795699 0.7273185483870968 0.5463709677419355 0.7321068548387096 0.5440188172043011 0.734375 0.5393145161290323 0.735383064516129 0.5342741935483871 0.7346270161290323 0.5258736559139785 0.7305947580645161 0.5245295698924731 0.7285786290322581 0.5221774193548387 0.7253024193548386 0.520497311827957 0.7220262096774194 0.5211693548387097 0.7202620967741935 0.5241935483870969 0.7195060483870968 0.5295698924731183 0.7167338709677419 0.5356182795698925 0.7147177419354839 0.5433467741935485 0.7144657258064515 0.5504032258064516 0.7157258064516129 0.5534274193548387
2 0.6144153225806451 0.705981182795699 0.6156754032258065 0.7150537634408602 0.6146673387096775 0.7284946236559141 0.6149193548387096 0.7402553763440861 0.6113911290322581 0.7523521505376345 0.6088709677419355 0.7661290322580646 0.6096270161290323 0.7701612903225807 0.6113911290322581 0.7725134408602151 0.6134072580645161 0.7731854838709679 0.6149193548387096 0.7725134408602151 0.6156754032258065 0.7708333333333334 0.6209677419354839 0.7463037634408602 0.6255040322580646 0.7311827956989247 0.6257560483870968 0.7204301075268817 0.6302923387096775 0.7170698924731184 0.6370967741935485 0.7200940860215055 0.6459173387096775 0.7207661290322581 0.6471774193548386 0.719758064516129 0.647429435483871 0.7170698924731184 0.6461693548387096 0.713709677419355 0.6449092741935485 0.7022849462365592 0.6418850806451614 0.6972446236559141 0.6401209677419355 0.6918682795698926 0.6383568548387096 0.6787634408602151 0.6353326612903225 0.6720430107526882 0.6328125 0.6696908602150538 0.6295362903225806 0.6686827956989247 0.626008064516129 0.6703629032258065 0.6247479838709677 0.6720430107526882 0.6229838709677419 0.6821236559139785 0.6212197580645161 0.6871639784946237 0.6179435483870968 0.6922043010752689 0.6134072580645161 0.6959005376344086 0.6121471774193549 0.6992607526881721 0.6126512096774194 0.7029569892473119 0.6144153225806451 0.705981182795699
2 0.7028729838709677 0.4321236559139785 0.7058971774193549 0.4368279569892473 0.7094254032258065 0.43918010752688175 0.7109375 0.43884408602150543 0.7116935483870968 0.4321236559139785 0.7134576612903225 0.42909946236559143 0.7134576612903225 0.4264112903225807 0.709929435483871 0.4038978494623656 0.7064012096774194 0.4038978494623656 0.7053931451612904 0.4096102150537635 0.7018649193548386 0.4193548387096775 0.7016129032258065 0.4280913978494624 0.7028729838709677 0.4321236559139785
2 0.4501008064516129 0.5762768817204301 0.45186491935483875 0.5786290322580646 0.45564516129032256 0.5900537634408602 0.4564012096774193 0.5974462365591399 0.45841733870967744 0.6055107526881721 0.45992943548387094 0.6071908602150538 0.46219758064516125 0.6041666666666666 0.4654737903225807 0.6021505376344086 0.46673387096774194 0.591733870967742 0.4682459677419355 0.5873655913978495 0.4690020161290323 0.5786290322580646 0.46723790322580644 0.5675403225806451 0.4639616935483871 0.5608198924731183 0.46295362903225806 0.5534274193548387 0.46169354838709675 0.5504032258064516 0.45992943548387094 0.5490591397849462 0.4566532258064516 0.549731182795699 0.45388104838709675 0.5567876344086022 0.44657258064516125 0.5685483870967742 0.44606854838709675 0.5745967741935485 0.4501008064516129 0.5762768817204301
2 0.8245967741935485 0.6334005376344086 0.8215725806451614 0.6545698924731184 0.8220766129032258 0.6575940860215055 0.8248487903225806 0.6589381720430109 0.8261088709677419 0.6575940860215055 0.8268649193548386 0.6535618279569894 0.828125 0.6515456989247312 0.8319052419354839 0.6512096774193549 0.8326612903225806 0.6498655913978495 0.8341733870967742 0.6508736559139785 0.8321572580645161 0.6488575268817205 0.8306451612903225 0.6367607526881721 0.8356854838709677 0.6280241935483871 0.8394657258064515 0.6155913978494624 0.8442540322580646 0.6092069892473119 0.8399697580645161 0.5883736559139785 0.8384576612903225 0.5866935483870969 0.8311491935483871 0.5873655913978495 0.8278729838709677 0.5897177419354839 0.8243447580645161 0.5981182795698926 0.8233366935483871 0.6085349462365592 0.8233366935483871 0.6209677419354839 0.8245967741935485 0.6334005376344086
4 0.8084677419354839 0.5608198924731183 0.813508064516129 0.5658602150537635 0.8172883064516129 0.5675403225806451 0.8208165322580646 0.5672043010752689 0.8245967741935485 0.5611559139784946 0.8276209677419355 0.5598118279569892 0.8316532258064515 0.5618279569892474 0.834929435483871 0.5665322580645161 0.8366935483870968 0.5661962365591399 0.8384576612903225 0.5645161290322581 0.8387096774193549 0.5628360215053764 0.8384576612903225 0.5524193548387097 0.8414818548387096 0.5493951612903226 0.8457661290322581 0.550739247311828 0.8482862903225806 0.5534274193548387 0.8490423387096775 0.5564516129032259 0.8477822580645161 0.5709005376344086 0.8520665322580646 0.5735887096774194 0.8571068548387096 0.5796370967741936 0.8591229838709677 0.5890456989247312 0.8616431451612904 0.5944220430107527 0.8815524193548386 0.6068548387096775 0.8835685483870968 0.6075268817204302 0.8873487903225806 0.6041666666666666 0.891633064516129 0.5950940860215055 0.8936491935483871 0.5930779569892474 0.8984375 0.59375 0.9014616935483871 0.5987903225806451 0.9027217741935485 0.6028225806451614 0.9044858870967742 0.6045026881720431 0.9112903225806451 0.5981182795698926 0.9125504032258065 0.5920698924731183 0.9145665322580646 0.5887096774193549 0.9183467741935485 0.5877016129032259 0.9221270161290323 0.5900537634408602 0.9231350806451614 0.591733870967742 0.9233870967741935 0.5950940860215055 0.9213709677419355 0.601478494623656 0.9216229838709677 0.6051747311827957 0.9241431451612904 0.6118951612903226 0.9264112903225806 0.6139112903225807 0.9322076612903225 0.6152553763440861 0.9400201612903225 0.6196236559139785 0.9526209677419355 0.6159274193548389 0.9564012096774194 0.6135752688172043 0.9586693548387096 0.6092069892473119 0.9576612903225806 0.5961021505376345 0.9553931451612904 0.5913978494623656 0.9347278225806451 0.5772849462365591 0.9183467741935485 0.5537634408602151 0.9117943548387096 0.5467069892473119 0.9080141129032258 0.5443548387096775 0.8903729838709677 0.5376344086021506 0.8828125 0.5362903225806451 0.8724798387096775 0.5362903225806451 0.8581149193548386 0.5383064516129032 0.8455141129032258 0.5339381720430109 0.8361895161290323 0.5336021505376345 0.8104838709677419 0.5369623655913979 0.8072076612903225 0.5430107526881721 0.8064516129032258 0.5493951612903226 0.8067036290322581 0.5567876344086022 0.8084677419354839 0.5608198924731183
5 0.25504032258064513 0.3252688172043011 0.2590725806451613 0.32258064516129037 0.26310483870967744 0.322244623655914 0.26537298387096775 0.32325268817204306 0.26587701612903225 0.322244623655914 0.2661290322580645 0.3158602150537635 0.26537298387096775 0.31350806451612906 0.26310483870967744 0.3111559139784947 0.25856854838709675 0.31048387096774194 0.25504032258064513 0.3121639784946237 0.2537802419354839 0.31518817204301075 0.2535282258064516 0.3192204301075269 0.25504032258064513 0.3252688172043011
5 0.2522681451612903 0.34912634408602156 0.2694052419354839 0.3487903225806452 0.2704133064516129 0.34610215053763443 0.2701612903225806 0.3420698924731183 0.2686491935483871 0.3383736559139785 0.25882056451612906 0.3350134408602151 0.25529233870967744 0.3360215053763441 0.2522681451612903 0.3420698924731183 0.25151209677419356 0.34543010752688175 0.2522681451612903 0.34912634408602156
5 0.23084677419354838 0.37096774193548393 0.23462701612903225 0.37701612903225806 0.2361391129032258 0.3840725806451613 0.23790322580645162 0.38575268817204306 0.24017137096774194 0.3834005376344087 0.24092741935483872 0.3682795698924731 0.23765120967741937 0.35920698924731187 0.23387096774193547 0.3602150537634409 0.23059475806451615 0.3585349462365592 0.22328629032258063 0.3581989247311828 0.22076612903225806 0.35954301075268824 0.21925403225806453 0.363239247311828 0.21849798387096775 0.3696236559139785 0.23084677419354838 0.37096774193548393
5 0.4223790322580645 0.34274193548387094 0.43220766129032256 0.34576612903225806 0.43497983870967744 0.3487903225806452 0.43573588709677424 0.3511424731182796 0.43901209677419356 0.34979838709677424 0.4407762096774193 0.34173387096774194 0.4407762096774193 0.3383736559139785 0.43901209677419356 0.33534946236559143 0.43623991935483875 0.33400537634408606 0.43044354838709675 0.3343413978494624 0.42338709677419356 0.3383736559139785 0.4221270161290323 0.3413978494623656 0.4223790322580645 0.34274193548387094
0 0.23084677419354838 0.3061155913978495 0.23891129032258063 0.3054435483870968 0.24445564516129034 0.30846774193548393 0.24621975806451615 0.30678763440860213 0.24722782258064516 0.30443548387096775 0.24672379032258063 0.28696236559139787 0.24571572580645162 0.28360215053763443 0.24243951612903225 0.2788978494623656 0.23462701612903225 0.2788978494623656 0.23059475806451615 0.28326612903225806 0.22933467741935484 0.28696236559139787 0.22933467741935484 0.3037634408602151 0.23084677419354838 0.3061155913978495
0 0.3203125 0.2852822580645161 0.3238407258064516 0.28864247311827956 0.32711693548387094 0.2896505376344086 0.3314012096774193 0.2893145161290323 0.33492943548387094 0.2879704301075269 0.3364415322580645 0.2862903225806452 0.3359375 0.2788978494623656 0.33341733870967744 0.2758736559139785 0.32711693548387094 0.27419354838709675 0.32132056451612906 0.27419354838709675 0.31955645161290325 0.2758736559139785 0.31930443548387094 0.2809139784946237 0.3203125 0.2852822580645161
6 0.36895161290322576 0.33803763440860213 0.3787802419354839 0.35013440860215056 0.3830645161290323 0.3568548387096775 0.3865927419354839 0.3581989247311828 0.38936491935483875 0.35719086021505375 0.3908770161290323 0.35551075268817206 0.3911290322580645 0.3504704301075269 0.3928931451612903 0.3471102150537635 0.4007056451612903 0.34509408602150543 0.4017137096774193 0.3420698924731183 0.4012096774193548 0.3172043010752688 0.40020161290322576 0.31384408602150543 0.39742943548387094 0.31048387096774194 0.3936491935483871 0.3077956989247312 0.38860887096774194 0.30678763440860213 0.3694556451612903 0.30510752688172044 0.36693548387096775 0.30745967741935487 0.36567540322580644 0.3125 0.36567540322580644 0.3198924731182796 0.36895161290322576 0.33803763440860213
6 0.19833669354838712 0.5110887096774194 0.19657258064516128 0.5144489247311829 0.19254032258064516 0.5178091397849462 0.19228830645161288 0.5208333333333334 0.19556451612903225 0.5258736559139785 0.19506048387096775 0.529233870967742 0.1978326612903226 0.5473790322580646 0.20186491935483872 0.559475806451613 0.203125 0.5675403225806451 0.20665322580645162 0.5776209677419355 0.20892137096774194 0.5793010752688172 0.22505040322580644 0.5796370967741936 0.24521169354838712 0.5772849462365591 0.25882056451612906 0.5725806451612904 0.26033266129032256 0.5702284946236559 0.2615927419354839 0.5564516129032259 0.2610887096774194 0.5467069892473119 0.25932459677419356 0.5352822580645161 0.25680443548387094 0.49260752688172044 0.2555443548387097 0.48689516129032256 0.24873991935483872 0.47647849462365593 0.2447076612903226 0.4731182795698925 0.23991935483870966 0.4731182795698925 0.23412298387096775 0.47479838709677424 0.22631048387096775 0.47479838709677424 0.19632056451612903 0.4801747311827957 0.19506048387096775 0.48420698924731187 0.1978326612903226 0.49428763440860224 0.19833669354838712 0.5110887096774194
6 0.19480846774193547 0.3350134408602151 0.19959677419354838 0.33467741935483875 0.20539314516129034 0.33635752688172044 0.20992943548387097 0.3420698924731183 0.21169354838709678 0.3424059139784947 0.21370967741935484 0.3424059139784947 0.2169858870967742 0.3383736559139785 0.21748991935483872 0.3165322580645161 0.2169858870967742 0.31350806451612906 0.21421370967741937 0.30846774193548393 0.20362903225806453 0.30846774193548393 0.19606854838709678 0.31317204301075274 0.1935483870967742 0.3175403225806452 0.19380040322580644 0.3326612903225807 0.19480846774193547 0.3350134408602151
3 0.33417338709677424 0.5981182795698926 0.33492943548387094 0.6055107526881721 0.33492943548387094 0.6139112903225807 0.33417338709677424 0.6179435483870969 0.33467741935483875 0.6256720430107527 0.33492943548387094 0.6266801075268817 0.3389616935483871 0.626008064516129 0.34122983870967744 0.6290322580645161 0.34248991935483875 0.6334005376344086 0.34551411290322576 0.6350806451612904 0.3467741935483871 0.6334005376344086 0.3480342741935484 0.6229838709677419 0.35005040322580644 0.6149193548387097 0.3510584677419355 0.5950940860215055 0.3487903225806452 0.5873655913978495 0.3460181451612903 0.5846774193548387 0.3364415322580645 0.5860215053763441 0.33492943548387094 0.5883736559139785 0.3354334677419355 0.592741935483871 0.33417338709677424 0.5981182795698926
3 0.7358870967741935 0.5480510752688172 0.7386592741935485 0.5571236559139785 0.741179435483871 0.5789650537634409 0.7424395161290323 0.5799731182795699 0.7464717741935485 0.5793010752688172 0.7479838709677419 0.5779569892473119 0.7487399193548386 0.572244623655914 0.7477318548387096 0.5577956989247312 0.7482358870967742 0.549731182795699 0.7449596774193549 0.5369623655913979 0.7421875 0.5349462365591399 0.7376512096774194 0.5356182795698925 0.7348790322580646 0.5376344086021506 0.7331149193548386 0.5413306451612904 0.7328629032258065 0.5433467741935485 0.7358870967741935 0.5480510752688172
3 0.5007560483870968 0.6508736559139785 0.5015120967741935 0.6555779569892474 0.5027721774193549 0.6575940860215055 0.5027721774193549 0.6616263440860216 0.501008064516129 0.6646505376344086 0.5022681451612903 0.6743951612903226 0.5103326612903226 0.6925403225806451 0.5118447580645161 0.6945564516129032 0.5153729838709677 0.694220430107527 0.5163810483870968 0.6915322580645161 0.5168850806451613 0.6851478494623656 0.5189012096774194 0.6787634408602151 0.5214213709677419 0.6508736559139785 0.5163810483870968 0.6367607526881721 0.5151209677419355 0.6350806451612904 0.5080645161290323 0.6347446236559141 0.5050403225806451 0.6357526881720431 0.5032762096774194 0.6370967741935485 0.5020161290322581 0.6401209677419355 0.5022681451612903 0.6458333333333334 0.5007560483870968 0.6508736559139785
3 0.5204133064516129 0.6266801075268817 0.5178931451612903 0.6263440860215055 0.5186491935483871 0.6276881720430109 0.5204133064516129 0.6266801075268817
3 0.6892641129032258 0.6538978494623656 0.6925403225806451 0.6579301075268817 0.6985887096774194 0.6565860215053765 0.7036290322580646 0.6575940860215055 0.7064012096774194 0.65625 0.7111895161290323 0.6515456989247312 0.7172379032258065 0.6441532258064517 0.7184979838709677 0.6391129032258065 0.7217741935483871 0.633736559139785 0.7215221774193549 0.626008064516129 0.7227822580645161 0.6236559139784946 0.7242943548387096 0.6229838709677419 0.7240423387096775 0.6196236559139785 0.7190020161290323 0.6196236559139785 0.7134576612903225 0.6169354838709679 0.709929435483871 0.6182795698924731 0.7043850806451614 0.6229838709677419 0.7001008064516129 0.6300403225806451 0.6998487903225806 0.6320564516129032 0.6960685483870968 0.6364247311827957 0.6955645161290323 0.6320564516129032 0.696320564516129 0.6300403225806451 0.6948084677419355 0.6270161290322581 0.696320564516129 0.6229838709677419 0.6950604838709677 0.6246639784946237 0.6940524193548386 0.6223118279569894 0.6925403225806451 0.6223118279569894 0.6917842741935485 0.6243279569892474 0.6890120967741935 0.6270161290322581 0.6875 0.6334005376344086 0.6872479838709677 0.6384408602150538 0.6892641129032258 0.6538978494623656
3 0.6149193548387096 0.5631720430107527 0.6179435483870968 0.5682123655913979 0.6194556451612904 0.5793010752688172 0.6232358870967742 0.5877016129032259 0.6267641129032258 0.5887096774193549 0.6297883064516129 0.5816532258064516 0.6297883064516129 0.5655241935483871 0.6275201612903225 0.5537634408602151 0.6247479838709677 0.5487231182795699 0.6207157258064515 0.5467069892473119 0.6164314516129032 0.5467069892473119 0.6134072580645161 0.5504032258064516 0.6131552419354839 0.5571236559139785 0.6149193548387096 0.5631720430107527
3 0.609375 0.5551075268817205 0.6123991935483871 0.5537634408602151 0.609375 0.5450268817204301 0.6058467741935485 0.5473790322580646 0.6060987903225806 0.5524193548387097 0.609375 0.5551075268817205
3 0.5743447580645161 0.5440188172043011 0.578125 0.5443548387096775 0.5808971774193549 0.5460349462365591 0.5846774193548387 0.5514112903225806 0.5884576612903226 0.5514112903225806 0.5899697580645161 0.5467069892473119 0.5907258064516129 0.5319220430107527 0.5919858870967742 0.5258736559139785 0.5907258064516129 0.5191532258064516 0.5884576612903226 0.5161290322580646 0.5856854838709677 0.5144489247311829 0.5811491935483871 0.5137768817204301 0.579133064516129 0.5157930107526882 0.5761088709677419 0.5225134408602151 0.5725806451612903 0.5255376344086022 0.5723286290322581 0.5295698924731183 0.5743447580645161 0.5440188172043011
3 0.7444556451612904 0.6602822580645161 0.7482358870967742 0.6717069892473119 0.7515120967741935 0.675739247311828 0.7618447580645161 0.6827956989247312 0.7694052419354839 0.6959005376344086 0.772429435483871 0.6982526881720431 0.7757056451612904 0.6965725806451614 0.7779737903225806 0.6922043010752689 0.7779737903225806 0.6713709677419355 0.7799899193548386 0.6683467741935485 0.7792338709677419 0.6495295698924731 0.7759576612903225 0.6367607526881721 0.772429435483871 0.6357526881720431 0.7704133064516129 0.6374327956989247 0.7618447580645161 0.6401209677419355 0.7600806451612904 0.6421370967741936 0.7583165322580646 0.6465053763440861 0.7550403225806451 0.6471774193548389 0.7507560483870968 0.6401209677419355 0.7479838709677419 0.6330645161290323 0.7447076612903225 0.6370967741935485 0.741179435483871 0.6481854838709679 0.7406754032258065 0.6545698924731184 0.7444556451612904 0.6602822580645161
3 0.8654233870967742 0.7607526881720431 0.866179435483871 0.7641129032258065 0.8694556451612904 0.7688172043010753 0.8709677419354839 0.7731854838709679 0.8709677419354839 0.7758736559139785 0.8732358870967742 0.7805779569892474 0.8755040322580646 0.7829301075268817 0.8802923387096775 0.7852822580645161 0.881804435483871 0.7815860215053765 0.8823084677419355 0.7752016129032259 0.8845766129032258 0.7721774193548389 0.8850806451612904 0.7691532258064517 0.8873487903225806 0.7674731182795699 0.8883568548387096 0.7688172043010753 0.889616935483871 0.7755376344086022 0.8886088709677419 0.7862903225806451 0.889616935483871 0.7920026881720431 0.8941532258064515 0.8000672043010753 0.9009576612903225 0.8064516129032259 0.9034778225806451 0.807459677419355 0.9054939516129032 0.8071236559139785 0.9112903225806451 0.8027553763440861 0.9168346774193549 0.8182123655913979 0.9183467741935485 0.8209005376344086 0.922883064516129 0.8249327956989247 0.9254032258064515 0.8262768817204302 0.928679435483871 0.8262768817204302 0.9332157258064515 0.8232526881720431 0.9354838709677419 0.8165322580645161 0.9357358870967742 0.8104838709677419 0.9339717741935485 0.8004032258064517 0.9304435483870968 0.7926747311827957 0.9334677419354839 0.7866263440860216 0.9339717741935485 0.7788978494623656 0.9322076612903225 0.7691532258064517 0.9281754032258065 0.7584005376344086 0.9284274193548386 0.7516801075268817 0.9269153225806451 0.7503360215053765 0.9264112903225806 0.7479838709677419 0.9185987903225806 0.7452956989247312 0.9153225806451614 0.7452956989247312 0.9112903225806451 0.7503360215053765 0.9009576612903225 0.7486559139784946 0.8979334677419355 0.751008064516129 0.8976814516129032 0.7550403225806451 0.9017137096774194 0.7604166666666666 0.9039818548387096 0.768481182795699 0.9022177419354839 0.7715053763440861 0.9007056451612904 0.7721774193548389 0.8926411290322581 0.7671370967741936 0.8913810483870968 0.7654569892473119 0.8908770161290323 0.7617607526881721 0.8848286290322581 0.7617607526881721 0.8825604838709677 0.7600806451612904 0.8782762096774194 0.7479838709677419 0.876008064516129 0.7298387096774194 0.8697076612903225 0.7268145161290323 0.866179435483871 0.727486559139785 0.8649193548387096 0.7295026881720431 0.8646673387096775 0.7436155913978495 0.8626512096774194 0.751008064516129 0.8629032258064515 0.756720430107527 0.8654233870967742 0.7607526881720431
3 0.6469254032258065 0.706989247311828 0.6471774193548386 0.7140456989247312 0.6479334677419355 0.7163978494623656 0.6509576612903225 0.7194220430107527 0.6580141129032258 0.71875 0.6620463709677419 0.706989247311828 0.6703629032258065 0.7053091397849462 0.6726310483870968 0.7032930107526882 0.6741431451612904 0.6925403225806451 0.6703629032258065 0.6854838709677419 0.6716229838709677 0.6821236559139785 0.6716229838709677 0.6780913978494624 0.6698588709677419 0.674731182795699 0.6645665322580646 0.6713709677419355 0.6633064516129032 0.6646505376344086 0.6582661290322581 0.6619623655913979 0.6549899193548386 0.663978494623656 0.6524697580645161 0.675739247311828 0.6509576612903225 0.6777553763440861 0.6479334677419355 0.6787634408602151 0.6491935483870968 0.6811155913978495 0.6491935483870968 0.6848118279569894 0.6459173387096775 0.6969086021505376 0.6456653225806451 0.7009408602150538 0.6469254032258065 0.706989247311828
3 0.889616935483871 0.6404569892473119 0.8931451612903225 0.6431451612903226 0.8946572580645161 0.6532258064516129 0.8918850806451614 0.6612903225806451 0.891633064516129 0.6680107526881721 0.8961693548387096 0.6717069892473119 0.9012096774193549 0.6740591397849462 0.9085181451612904 0.682459677419355 0.9112903225806451 0.6838037634408602 0.9140625 0.6827956989247312 0.9165826612903225 0.6754032258064517 0.9168346774193549 0.6643145161290323 0.9143145161290323 0.644489247311828 0.9125504032258065 0.6364247311827957 0.9092741935483871 0.631720430107527 0.9047379032258065 0.6293682795698926 0.8949092741935485 0.6334005376344086 0.8928931451612904 0.6354166666666666 0.8918850806451614 0.6384408602150538 0.889616935483871 0.6404569892473119
3 0.8729838709677419 0.6569220430107527 0.8765120967741935 0.6579301075268817 0.8785282258064515 0.6616263440860216 0.8835685483870968 0.6626344086021505 0.8850806451612904 0.6586021505376345 0.8850806451612904 0.6461693548387097 0.8860887096774194 0.6401209677419355 0.8845766129032258 0.6360887096774194 0.8855846774193549 0.6334005376344086 0.8825604838709677 0.6310483870967742 0.8797883064516129 0.6229838709677419 0.8762600806451614 0.6256720430107527 0.8732358870967742 0.6307123655913979 0.8722278225806451 0.6340725806451614 0.8714717741935485 0.6411290322580646 0.8729838709677419 0.6569220430107527
3 0.47580645161290325 0.6165994623655914 0.4795866935483871 0.6223118279569894 0.4813508064516129 0.6330645161290323 0.48261088709677424 0.6360887096774194 0.484375 0.6377688172043011 0.4884072580645161 0.6334005376344086 0.4899193548387097 0.6256720430107527 0.49042338709677424 0.6159274193548389 0.4924395161290323 0.6102150537634409 0.4926915322580645 0.5913978494623656 0.49193548387096775 0.5883736559139785 0.48689516129032256 0.5870295698924731 0.4805947580645161 0.5877016129032259 0.47857862903225806 0.591733870967742 0.47807459677419356 0.5997983870967742 0.47631048387096775 0.6058467741935485 0.47530241935483875 0.612231182795699 0.47580645161290325 0.6165994623655914
3 0.5073084677419355 0.789986559139785 0.5080645161290323 0.7926747311827957 0.5070564516129032 0.8010752688172043 0.5052923387096774 0.8057795698924731 0.5015120967741935 0.8061155913978495 0.5007560483870968 0.8071236559139785 0.5017641129032258 0.8138440860215055 0.5085685483870968 0.8256048387096775 0.5153729838709677 0.8336693548387097 0.5259576612903226 0.840725806451613 0.5327620967741935 0.8491263440860216 0.5398185483870968 0.852486559139785 0.5410786290322581 0.8551747311827957 0.5433467741935484 0.8662634408602151 0.546875 0.873991935483871 0.5529233870967742 0.8776881720430109 0.5572076612903226 0.876008064516129 0.5607358870967742 0.8696236559139785 0.5607358870967742 0.8518145161290323 0.5574596774193549 0.8380376344086022 0.5541834677419355 0.8296370967741936 0.5544354838709677 0.8138440860215055 0.553679435483871 0.8101478494623656 0.5511592741935484 0.8067876344086022 0.5501512096774194 0.7990591397849464 0.5481350806451613 0.7963709677419355 0.5453629032258065 0.7946908602150538 0.5441028225806451 0.7930107526881721 0.5435987903225806 0.7896505376344086 0.5428427419354839 0.7896505376344086 0.5415826612903226 0.7940188172043011 0.5347782258064516 0.7970430107526882 0.532258064516129 0.7993951612903226 0.5340221774193549 0.8071236559139785 0.5317540322580645 0.8104838709677419 0.53125 0.8141801075268817 0.5297379032258065 0.8161962365591399 0.5257056451612903 0.8165322580645161 0.5231854838709677 0.8141801075268817 0.5204133064516129 0.8071236559139785 0.5173891129032258 0.8037634408602151 0.5143649193548387 0.7970430107526882 0.5100806451612903 0.7923387096774194 0.5093245967741935 0.782258064516129 0.5105846774193549 0.7792338709677419 0.5108366935483871 0.7758736559139785 0.5090725806451613 0.7698252688172043 0.5090725806451613 0.7654569892473119 0.5080645161290323 0.7641129032258065 0.5050403225806451 0.7624327956989247 0.5030241935483871 0.7647849462365592 0.5017641129032258 0.7752016129032259 0.5040322580645161 0.7859543010752689 0.5073084677419355 0.789986559139785
3 0.09879032258064517 0.4321236559139785 0.11189516129032258 0.4297715053763441 0.12046370967741936 0.4304435483870968 0.12273185483870969 0.4287634408602151 0.12298387096774194 0.4254032258064516 0.11290322580645161 0.40524193548387094 0.109375 0.4059139784946237 0.10509072580645161 0.41633064516129037 0.10231854838709678 0.41868279569892475 0.09778225806451613 0.41969086021505375 0.09551411290322581 0.42204301075268824 0.09475806451612903 0.42439516129032256 0.0950100806451613 0.4297715053763441 0.09879032258064517 0.4321236559139785
3 0.4422883064516129 0.6404569892473119 0.4417842741935484 0.6545698924731184 0.44354838709677424 0.6579301075268817 0.44405241935483875 0.6612903225806451 0.44707661290322576 0.6666666666666666 0.4501008064516129 0.6693548387096775 0.4533770161290323 0.6673387096774194 0.45438508064516125 0.6653225806451614 0.45463709677419356 0.6575940860215055 0.4574092741935484 0.6438172043010753 0.4574092741935484 0.6165994623655914 0.4566532258064516 0.6139112903225807 0.4536290322580645 0.6108870967741936 0.4488407258064516 0.6108870967741936 0.4455645161290323 0.612231182795699 0.44354838709677424 0.6159274193548389 0.4415322580645161 0.6253360215053765 0.4412802419354839 0.6344086021505376 0.4422883064516129 0.6404569892473119
3 0.5357862903225806 0.6334005376344086 0.5415826612903226 0.6508736559139785 0.5433467741935484 0.6535618279569894 0.546875 0.6545698924731184 0.5488911290322581 0.645497311827957 0.553679435483871 0.6411290322580646 0.5521673387096774 0.6340725806451614 0.5506552419354839 0.612231182795699 0.5493951612903226 0.6068548387096775 0.546875 0.6038306451612904 0.5388104838709677 0.6068548387096775 0.5370463709677419 0.6102150537634409 0.5355342741935484 0.6165994623655914 0.5350302419354839 0.6263440860215055 0.5357862903225806 0.6334005376344086
3 0.7971270161290323 0.5295698924731183 0.7998991935483871 0.5315860215053764 0.803679435483871 0.5312500000000001 0.8074596774193549 0.5342741935483871 0.8102318548387096 0.5349462365591399 0.8147681451612904 0.532258064516129 0.8175403225806451 0.5221774193548387 0.8177923387096775 0.5077284946236559 0.8140120967741935 0.501008064516129 0.8104838709677419 0.49899193548387105 0.8059475806451614 0.5060483870967742 0.803679435483871 0.5077284946236559 0.7993951612903225 0.5057123655913979 0.7966229838709677 0.5003360215053764 0.7938508064516129 0.5013440860215054 0.7928427419354839 0.5040322580645161 0.7920866935483871 0.5114247311827957 0.7923387096774194 0.5225134408602151 0.7971270161290323 0.5295698924731183
3 0.7835181451612904 0.8172043010752689 0.7845262096774194 0.8195564516129032 0.7862903225806451 0.8219086021505376 0.7895665322580646 0.8209005376344086 0.7913306451612904 0.8222446236559141 0.7966229838709677 0.838709677419355 0.8031754032258065 0.8464381720430109 0.8072076612903225 0.8464381720430109 0.8107358870967742 0.8417338709677419 0.8119959677419355 0.831989247311828 0.8112399193548386 0.8175403225806451 0.8061995967741935 0.8037634408602151 0.805695564516129 0.8004032258064517 0.8079637096774194 0.7896505376344086 0.8049395161290323 0.7792338709677419 0.805695564516129 0.7765456989247312 0.8049395161290323 0.7691532258064517 0.8001512096774194 0.7637768817204302 0.7983870967741935 0.7634408602150538 0.7935987903225806 0.7647849462365592 0.7905745967741935 0.7674731182795699 0.7893145161290323 0.769489247311828 0.7875504032258065 0.7795698924731184 0.7857862903225806 0.7829301075268817 0.7850302419354839 0.7893145161290323 0.7827620967741935 0.7926747311827957 0.782258064516129 0.7950268817204302 0.7820060483870968 0.8044354838709679 0.7835181451612904 0.8172043010752689
3 0.7603326612903225 0.7725134408602151 0.7573084677419355 0.7758736559139785 0.7570564516129032 0.7792338709677419 0.7585685483870968 0.7832661290322581 0.7615927419354839 0.7876344086021506 0.7653729838709677 0.7970430107526882 0.7691532258064515 0.801747311827957 0.7736895161290323 0.7930107526881721 0.7739415322580646 0.7745295698924731 0.7731854838709677 0.7654569892473119 0.7709173387096775 0.7594086021505376 0.7701612903225806 0.7520161290322581 0.7689012096774194 0.748991935483871 0.765625 0.748991935483871 0.7636088709677419 0.7516801075268817 0.7623487903225806 0.7550403225806451 0.7618447580645161 0.7597446236559141 0.758820564516129 0.7624327956989247 0.7575604838709677 0.7654569892473119 0.7585685483870968 0.769489247311828 0.7603326612903225 0.7725134408602151
3 0.9246471774193549 0.6925403225806451 0.9322076612903225 0.7032930107526882 0.9357358870967742 0.7049731182795699 0.9392641129032258 0.7006048387096775 0.9422883064516129 0.6928763440860216 0.9427923387096775 0.6838037634408602 0.9417842741935485 0.6804435483870969 0.9390120967741935 0.6787634408602151 0.9362399193548386 0.6750672043010753 0.9369959677419355 0.6693548387096775 0.9362399193548386 0.664986559139785 0.9317036290322581 0.663978494623656 0.928679435483871 0.6666666666666666 0.9236391129032258 0.6851478494623656 0.9233870967741935 0.6888440860215055 0.9246471774193549 0.6925403225806451
3 0.9498487903225806 0.6848118279569894 0.9536290322580646 0.688508064516129 0.959929435483871 0.6918682795698926 0.9634576612903225 0.6905241935483871 0.96875 0.6965725806451614 0.9702620967741935 0.7026209677419355 0.9705141129032258 0.707997311827957 0.9722782258064515 0.7130376344086022 0.9725302419354839 0.7234543010752689 0.9750504032258065 0.7308467741935485 0.9780745967741935 0.7331989247311829 0.9808467741935485 0.7335349462365592 0.983366935483871 0.7325268817204302 0.9858870967741935 0.727486559139785 0.984375 0.706989247311828 0.9826108870967742 0.7019489247311829 0.9813508064516129 0.6895161290322581 0.9768145161290323 0.6780913978494624 0.9763104838709677 0.6713709677419355 0.9740423387096775 0.6656586021505376 0.9745463709677419 0.662970430107527 0.9773185483870968 0.6582661290322581 0.9773185483870968 0.6545698924731184 0.9763104838709677 0.6559139784946237 0.9740423387096775 0.65625 0.9720262096774194 0.6606182795698926 0.9692540322580646 0.663978494623656 0.9634576612903225 0.6670026881720431 0.959929435483871 0.6636424731182795 0.9523689516129032 0.6622983870967742 0.9490927419354839 0.6646505376344086 0.9478326612903225 0.6713709677419355 0.9478326612903225 0.6807795698924731 0.9498487903225806 0.6848118279569894
3 0.9702620967741935 0.6659946236559141 0.9717741935483871 0.664986559139785 0.9705141129032258 0.6636424731182795 0.969758064516129 0.6646505376344086 0.9702620967741935 0.6659946236559141
3 0.9231350806451614 0.6895161290322581 0.9289314516129032 0.7006048387096775 0.9317036290322581 0.7036290322580646 0.9357358870967742 0.7056451612903226 0.9422883064516129 0.6955645161290323 0.9432963709677419 0.6928763440860216 0.9438004032258065 0.6838037634408602 0.9458165322580646 0.6787634408602151 0.9480846774193549 0.6834677419354839 0.9528729838709677 0.6858198924731184 0.9561491935483871 0.6898521505376345 0.9621975806451614 0.6888440860215055 0.9647177419354839 0.6784274193548389 0.9652217741935485 0.6683467741935485 0.9596774193548386 0.6633064516129032 0.9516129032258065 0.6612903225806451 0.9480846774193549 0.663978494623656 0.946320564516129 0.6740591397849462 0.9425403225806451 0.6750672043010753 0.9397681451612904 0.6717069892473119 0.9410282258064515 0.6683467741935485 0.9400201612903225 0.6646505376344086 0.936491935483871 0.6633064516129032 0.9317036290322581 0.6633064516129032 0.928679435483871 0.664986559139785 0.9251512096774194 0.675739247311828 0.9231350806451614 0.6851478494623656 0.9231350806451614 0.6895161290322581
3 0.9725302419354839 0.6626344086021505 0.9737903225806451 0.6633064516129032 0.9758064516129032 0.6579301075268817 0.9737903225806451 0.657258064516129 0.9722782258064515 0.6612903225806451 0.9725302419354839 0.6626344086021505
3 0.8402217741935485 0.6851478494623656 0.8404737903225806 0.6891801075268817 0.842741935483871 0.6925403225806451 0.8412298387096775 0.695228494623656 0.8407258064516129 0.6995967741935485 0.8450100806451614 0.7116935483870969 0.8477822580645161 0.7167338709677419 0.8520665322580646 0.7214381720430109 0.8558467741935485 0.7247983870967742 0.8626512096774194 0.7281586021505376 0.8724798387096775 0.7231182795698926 0.8765120967741935 0.7241263440860216 0.8782762096774194 0.7190860215053765 0.8835685483870968 0.7167338709677419 0.8868447580645161 0.7140456989247312 0.8870967741935485 0.7029569892473119 0.8883568548387096 0.6982526881720431 0.8873487903225806 0.6851478494623656 0.8802923387096775 0.6841397849462366 0.8729838709677419 0.6794354838709679 0.8702116935483871 0.6851478494623656 0.8694556451612904 0.6888440860215055 0.8707157258064515 0.6948924731182795 0.8704637096774194 0.7019489247311829 0.8697076612903225 0.7046370967741936 0.8656754032258065 0.7086693548387097 0.8629032258064515 0.7043010752688171 0.8626512096774194 0.6999327956989247 0.8591229838709677 0.696236559139785 0.8586189516129032 0.6928763440860216 0.8538306451612904 0.6891801075268817 0.850554435483871 0.6844758064516129 0.8497983870967742 0.6821236559139785 0.8490423387096775 0.6700268817204302 0.8455141129032258 0.6737231182795699 0.8445060483870968 0.6797715053763441 0.8402217741935485 0.6851478494623656
3 0.4838709677419355 0.532258064516129 0.4879032258064516 0.5356182795698925 0.49117943548387094 0.5349462365591399 0.4924395161290323 0.5329301075268817 0.4924395161290323 0.5248655913978495 0.4972278225806452 0.5154569892473119 0.4964717741935484 0.5073924731182796 0.4944556451612903 0.5033602150537635 0.49117943548387094 0.5006720430107527 0.4879032258064516 0.5036962365591399 0.484375 0.5047043010752689 0.4821068548387097 0.508736559139785 0.4808467741935484 0.5228494623655914 0.4838709677419355 0.532258064516129
3 0.4170866935483871 0.6569220430107527 0.4188508064516129 0.6612903225806451 0.4188508064516129 0.6646505376344086 0.4221270161290323 0.6693548387096775 0.42389112903225806 0.6737231182795699 0.4254032258064516 0.682459677419355 0.42867943548387094 0.6838037634408602 0.43044354838709675 0.6720430107526882 0.4329637096774193 0.664986559139785 0.4337197580645161 0.6579301075268817 0.4347278225806452 0.643481182795699 0.4329637096774193 0.6340725806451614 0.4329637096774193 0.6273521505376345 0.4324596774193548 0.626008064516129 0.42943548387096775 0.623991935483871 0.4266633064516129 0.6236559139784946 0.4188508064516129 0.6246639784946237 0.4173387096774193 0.6256720430107527 0.4163306451612903 0.6280241935483871 0.4175907258064516 0.6441532258064517 0.4170866935483871 0.6569220430107527
3 0.5118447580645161 0.6021505376344086 0.5126008064516129 0.6065188172043011 0.5115927419354839 0.6092069892473119 0.5136088709677419 0.6112231182795699 0.515625 0.6169354838709679 0.5189012096774194 0.6186155913978495 0.5199092741935484 0.6165994623655914 0.5211693548387097 0.6088709677419355 0.5226814516129032 0.6075268817204302 0.5259576612903226 0.6098790322580646 0.5277217741935484 0.6065188172043011 0.5274697580645161 0.5967741935483871 0.5284778225806451 0.5883736559139785 0.5269657258064516 0.5799731182795699 0.5254536290322581 0.5759408602150538 0.5231854838709677 0.5745967741935485 0.5161290322580645 0.5735887096774194 0.5128528225806451 0.5749327956989247 0.5128528225806451 0.5900537634408602 0.5118447580645161 0.5950940860215055 0.5126008064516129 0.5987903225806451 0.5118447580645161 0.6021505376344086
3 0.2772177419354839 0.394489247311828 0.27923387096774194 0.39784946236559143 0.2830141129032258 0.39885752688172044 0.2847782258064516 0.3938172043010753 0.2847782258064516 0.38575268817204306 0.28377016129032256 0.38037634408602156 0.28276209677419356 0.3790322580645161 0.27923387096774194 0.3793682795698925 0.2764616935483871 0.3823924731182796 0.27595766129032256 0.3877688172043011 0.2772177419354839 0.394489247311828
3 0.5904737903225806 0.4254032258064516 0.5952620967741935 0.42943548387096775 0.5985383064516129 0.4304435483870968 0.600554435483871 0.4297715053763441 0.6023185483870968 0.42775537634408606 0.6045866935483871 0.41196236559139787 0.6043346774193549 0.40625 0.6028225806451614 0.4015456989247312 0.5982862903225806 0.39885752688172044 0.5924899193548387 0.3985215053763441 0.5884576612903226 0.40524193548387094 0.5877016129032258 0.40793010752688175 0.5877016129032258 0.4156586021505376 0.5904737903225806 0.4254032258064516
3 0.8324092741935485 0.6431451612903226 0.8334173387096775 0.6468413978494624 0.8331653225806451 0.6542338709677419 0.8371975806451614 0.6582661290322581 0.8419858870967742 0.6586021505376345 0.8457661290322581 0.664986559139785 0.8487903225806451 0.6670026881720431 0.8508064516129032 0.6602822580645161 0.8528225806451614 0.6579301075268817 0.8540826612903225 0.6545698924731184 0.8535786290322581 0.6411290322580646 0.8543346774193549 0.6364247311827957 0.8523185483870968 0.6270161290322581 0.8490423387096775 0.6206317204301075 0.8477822580645161 0.6169354838709679 0.8475302419354839 0.6125672043010753 0.8460181451612904 0.6105510752688171 0.8419858870967742 0.6105510752688171 0.8377016129032258 0.6155913978494624 0.8366935483870968 0.6206317204301075 0.8319052419354839 0.6290322580645161 0.8306451612903225 0.6340725806451614 0.8306451612903225 0.6404569892473119 0.8324092741935485 0.6431451612903226
3 0.8099798387096775 0.6159274193548389 0.8104838709677419 0.6196236559139785 0.8104838709677419 0.6303763440860215 0.8175403225806451 0.6438172043010753 0.8210685483870968 0.6458333333333334 0.8223286290322581 0.645497311827957 0.8253528225806451 0.6404569892473119 0.8245967741935485 0.6236559139784946 0.8253528225806451 0.612231182795699 0.8245967741935485 0.6092069892473119 0.8210685483870968 0.6045026881720431 0.8170362903225806 0.6068548387096775 0.8142641129032258 0.6048387096774194 0.8109879032258065 0.6001344086021505 0.8072076612903225 0.602486559139785 0.8069556451612904 0.6075268817204302 0.8099798387096775 0.6159274193548389
3 0.4972278225806452 0.5467069892473119 0.49848790322580644 0.5571236559139785 0.5015120967741935 0.5625000000000001 0.508820564516129 0.5682123655913979 0.5108366935483871 0.5648521505376345 0.5105846774193549 0.5557795698924731 0.5118447580645161 0.550739247311828 0.5118447580645161 0.5433467741935485 0.5136088709677419 0.5396505376344086 0.5100806451612903 0.5356182795698925 0.5045362903225806 0.5346102150537635 0.49974798387096775 0.539986559139785 0.4994959677419355 0.5430107526881721 0.4972278225806452 0.5467069892473119
3 0.9536290322580646 0.7862903225806451 0.953125 0.789986559139785 0.9571572580645161 0.7903225806451614 0.9669858870967742 0.7950268817204302 0.9813508064516129 0.8128360215053765 0.9848790322580646 0.8138440860215055 0.9894153225806451 0.811491935483871 0.991179435483871 0.809475806451613 0.9929435483870968 0.8027553763440861 0.9914314516129032 0.7832661290322581 0.9901713709677419 0.7795698924731184 0.9901713709677419 0.776209677419355 0.9919354838709677 0.7725134408602151 0.9924395161290323 0.7614247311827957 0.9909274193548386 0.7584005376344086 0.9914314516129032 0.751008064516129 0.9906754032258065 0.7486559139784946 0.9858870967741935 0.7442876344086022 0.9836189516129032 0.7405913978494624 0.9831149193548386 0.7368951612903226 0.9846270161290323 0.7348790322580646 0.984375 0.7335349462365592 0.9816028225806451 0.7352150537634409 0.9773185483870968 0.7338709677419355 0.9722782258064515 0.737231182795699 0.967741935483871 0.7432795698924731 0.961945564516129 0.7483198924731184 0.9609375 0.7553763440860216 0.9561491935483871 0.7728494623655914 0.9558971774193549 0.780241935483871 0.9536290322580646 0.7862903225806451
3 0.9329637096774194 0.7237903225806451 0.9319556451612904 0.7251344086021506 0.9294354838709677 0.738239247311828 0.9319556451612904 0.7412634408602151 0.9311995967741935 0.7439516129032259 0.9319556451612904 0.7496639784946237 0.9324596774193549 0.7506720430107527 0.9359879032258065 0.751008064516129 0.9369959677419355 0.7580645161290323 0.9397681451612904 0.7620967741935485 0.9397681451612904 0.7647849462365592 0.9425403225806451 0.7651209677419355 0.9432963709677419 0.7688172043010753 0.9460685483870968 0.7715053763440861 0.9490927419354839 0.7654569892473119 0.9495967741935485 0.7573924731182795 0.9453125 0.7520161290322581 0.9453125 0.7473118279569894 0.944304435483871 0.7436155913978495 0.9415322580645161 0.738239247311828 0.9382560483870968 0.7268145161290323 0.9367439516129032 0.7247983870967742 0.9334677419354839 0.7234543010752689 0.9334677419354839 0.7200940860215055 0.9322076612903225 0.7174059139784946 0.9314516129032258 0.7190860215053765 0.9319556451612904 0.7224462365591399 0.9329637096774194 0.7237903225806451
3 0.640625 0.4422043010752688 0.6507056451612904 0.4418682795698925 0.6547379032258065 0.43884408602150543 0.6544858870967742 0.43413978494623656 0.6512096774193549 0.42170698924731187 0.647429435483871 0.4166666666666667 0.6436491935483871 0.4176747311827957 0.6421370967741935 0.42607526881720437 0.6398689516129032 0.4321236559139785 0.6393649193548386 0.4371639784946237 0.640625 0.4422043010752688
3 0.46194556451612906 0.6706989247311829 0.46244959677419356 0.6821236559139785 0.4664818548387097 0.6945564516129032 0.46698588709677424 0.6995967741935485 0.47026209677419356 0.7016129032258065 0.4715221774193548 0.6989247311827957 0.4722782258064516 0.6918682795698926 0.47580645161290325 0.6854838709677419 0.47731854838709675 0.6790994623655914 0.47757056451612906 0.6743951612903226 0.4760584677419355 0.6643145161290323 0.47782258064516125 0.6549059139784946 0.4768145161290323 0.6478494623655914 0.47757056451612906 0.6407930107526881 0.47731854838709675 0.6401209677419355 0.47505040322580644 0.6414650537634409 0.46799395161290325 0.6414650537634409 0.4642137096774193 0.6428091397849462 0.46244959677419356 0.644489247311828 0.45917338709677424 0.6518817204301075 0.45917338709677424 0.6619623655913979 0.46194556451612906 0.6706989247311829
3 0.28981854838709675 0.5258736559139785 0.29057459677419356 0.5288978494623656 0.29435483870967744 0.532258064516129 0.2956149193548387 0.5376344086021506 0.2971270161290323 0.5389784946236559 0.2996471774193548 0.5362903225806451 0.3016633064516129 0.5295698924731183 0.30367943548387094 0.519489247311828 0.30367943548387094 0.5127688172043011 0.3024193548387097 0.5050403225806451 0.3011592741935484 0.5026881720430109 0.296875 0.5006720430107527 0.29183467741935487 0.5016801075268817 0.2895665322580645 0.5047043010752689 0.28981854838709675 0.5258736559139785
3 0.32207661290322576 0.5742607526881721 0.32182459677419356 0.5782930107526882 0.32283266129032256 0.5813172043010754 0.3225806451612903 0.6055107526881721 0.3240927419354839 0.613239247311828 0.32787298387096775 0.614247311827957 0.3311491935483871 0.6021505376344086 0.3331653225806452 0.5866935483870969 0.3324092741935484 0.5793010752688172 0.3331653225806452 0.5661962365591399 0.33417338709677424 0.561491935483871 0.33392137096774194 0.5571236559139785 0.3319052419354839 0.5537634408602151 0.32787298387096775 0.5530913978494625 0.3233366935483871 0.5564516129032259 0.3208165322580645 0.5638440860215054 0.3208165322580645 0.5709005376344086 0.32207661290322576 0.5742607526881721
3 0.1822076612903226 0.3834005376344087 0.18397177419354838 0.3830645161290323 0.18623991935483872 0.38071236559139787 0.18724798387096775 0.3726478494623656 0.18397177419354838 0.3625672043010753 0.18170362903225806 0.36189516129032256 0.18019153225806453 0.3655913978494624 0.18019153225806453 0.3800403225806452 0.1822076612903226 0.3834005376344087
3 0.8445060483870968 0.5913978494623656 0.8440020161290323 0.5984543010752689 0.8455141129032258 0.5991263440860215 0.8475302419354839 0.6058467741935485 0.8485383064516129 0.6176075268817205 0.8515625 0.6236559139784946 0.8548387096774194 0.6270161290322581 0.8596270161290323 0.6273521505376345 0.8631552419354839 0.6246639784946237 0.866179435483871 0.6199596774193549 0.8666834677419355 0.6125672043010753 0.866179435483871 0.6092069892473119 0.8601310483870968 0.59375 0.8588709677419355 0.5846774193548387 0.8558467741935485 0.5782930107526882 0.852570564516129 0.5766129032258065 0.8472782258064515 0.5779569892473119 0.8429939516129032 0.5806451612903226 0.8424899193548386 0.5853494623655914 0.8445060483870968 0.5913978494623656
3 0.6370967741935485 0.6330645161290323 0.6388608870967742 0.6344086021505376 0.6408770161290323 0.6428091397849462 0.6454133064516129 0.6475134408602151 0.6532258064516129 0.6498655913978495 0.6542338709677419 0.6512096774193549 0.6542338709677419 0.6542338709677419 0.657258064516129 0.6589381720430109 0.6615423387096775 0.6592741935483871 0.6648185483870968 0.6609543010752689 0.6660786290322581 0.6559139784946237 0.6663306451612904 0.6502016129032259 0.6683467741935485 0.6431451612903226 0.6685987903225806 0.6334005376344086 0.663054435483871 0.6219758064516129 0.6615423387096775 0.6206317204301075 0.6532258064516129 0.6213037634408602 0.647429435483871 0.6189516129032259 0.6469254032258065 0.6206317204301075 0.6456653225806451 0.6192876344086022 0.6446572580645161 0.6196236559139785 0.6484375 0.6223118279569894 0.6484375 0.6236559139784946 0.6476814516129032 0.6270161290322581 0.6456653225806451 0.6297043010752689 0.6451612903225806 0.6404569892473119 0.6439012096774194 0.6428091397849462 0.6421370967741935 0.6414650537634409 0.6421370967741935 0.6364247311827957 0.6411290322580646 0.6323924731182795 0.6370967741935485 0.6243279569892474 0.6363407258064515 0.6280241935483871 0.6360887096774194 0.6300403225806451 0.6370967741935485 0.6330645161290323
3 0.7817540322580646 0.6125672043010753 0.780241935483871 0.6159274193548389 0.7809979838709677 0.6182795698924731 0.7872983870967742 0.6223118279569894 0.7888104838709677 0.6266801075268817 0.7890625 0.6303763440860215 0.7910786290322581 0.633736559139785 0.7930947580645161 0.6350806451612904 0.796875 0.6350806451612904 0.797883064516129 0.6313844086021505 0.7983870967741935 0.6199596774193549 0.796875 0.613239247311828 0.7971270161290323 0.6018145161290323 0.7946068548387096 0.5883736559139785 0.7951108870967742 0.5863575268817205 0.7991431451612904 0.5813172043010754 0.7988911290322581 0.5803091397849462 0.796875 0.5793010752688172 0.7935987903225806 0.5836693548387097 0.7862903225806451 0.5833333333333334 0.7827620967741935 0.5863575268817205 0.7779737903225806 0.5883736559139785 0.7754536290322581 0.5924059139784946 0.7757056451612904 0.5984543010752689 0.7817540322580646 0.6125672043010753
3 0.7132056451612904 0.5581317204301075 0.7159778225806451 0.5618279569892474 0.725554435483871 0.5695564516129032 0.7288306451612904 0.5739247311827957 0.7326108870967742 0.5816532258064516 0.734375 0.5920698924731183 0.7368951612903225 0.594758064516129 0.7389112903225806 0.5940860215053765 0.741179435483871 0.5887096774193549 0.7421875 0.5772849462365591 0.7399193548387096 0.5641801075268817 0.7394153225806451 0.5561155913978495 0.7381552419354839 0.5493951612903226 0.7368951612903225 0.5467069892473119 0.734375 0.5436827956989247 0.7253024193548386 0.5463709677419355 0.7237903225806451 0.5500672043010754 0.7245463709677419 0.5574596774193549 0.7227822580645161 0.5591397849462366 0.7202620967741935 0.5591397849462366 0.717741935483871 0.5534274193548387 0.7139616935483871 0.5500672043010754 0.7129536290322581 0.5500672043010754 0.7124495967741935 0.5514112903225806 0.7121975806451614 0.5537634408602151 0.7132056451612904 0.5581317204301075
3 0.6597782258064515 0.6172715053763441 0.6607862903225806 0.623991935483871 0.6658266129032258 0.6320564516129032 0.6668346774193549 0.6438172043010753 0.6738911290322581 0.6512096774193549 0.6756552419354839 0.6518817204301075 0.6771673387096775 0.6508736559139785 0.678679435483871 0.6491935483870969 0.6794354838709677 0.6448252688172043 0.6796875 0.6152553763440861 0.678679435483871 0.5997983870967742 0.6723790322580646 0.6011424731182795 0.6645665322580646 0.6001344086021505 0.6602822580645161 0.6018145161290323 0.6575100806451614 0.6041666666666666 0.6577620967741935 0.6129032258064517 0.6597782258064515 0.6172715053763441
3 0.5725806451612903 0.6071908602150538 0.5705645161290323 0.6092069892473119 0.5708165322580645 0.6129032258064517 0.5710685483870968 0.6135752688172043 0.5730846774193549 0.6125672043010753 0.5776209677419355 0.6155913978494624 0.5761088709677419 0.6223118279569894 0.5761088709677419 0.6266801075268817 0.5816532258064516 0.633736559139785 0.5882056451612903 0.6367607526881721 0.5907258064516129 0.6421370967741936 0.5919858870967742 0.6478494623655914 0.5952620967741935 0.6475134408602151 0.5957661290322581 0.6360887096774194 0.5985383064516129 0.6196236559139785 0.5982862903225806 0.6021505376344086 0.5957661290322581 0.591733870967742 0.5917338709677419 0.5877016129032259 0.5884576612903226 0.5883736559139785 0.5814012096774194 0.5924059139784946 0.5748487903225806 0.5893817204301075 0.5730846774193549 0.5913978494623656 0.5740927419354839 0.602486559139785 0.5725806451612903 0.6071908602150538
3 0.9092741935483871 0.6300403225806451 0.9092741935483871 0.6334005376344086 0.9135584677419355 0.6407930107526881 0.9145665322580646 0.6545698924731184 0.9165826612903225 0.6602822580645161 0.9178427419354839 0.6690188172043011 0.921875 0.6710349462365592 0.9254032258064515 0.6710349462365592 0.9291834677419355 0.6643145161290323 0.9347278225806451 0.6612903225806451 0.9367439516129032 0.6579301075268817 0.9367439516129032 0.6495295698924731 0.9382560483870968 0.6367607526881721 0.936491935483871 0.6297043010752689 0.9347278225806451 0.6266801075268817 0.9352318548387096 0.6196236559139785 0.9322076612903225 0.6159274193548389 0.9261592741935485 0.6155913978494624 0.921875 0.6165994623655914 0.9170866935483871 0.6192876344086022 0.9155745967741935 0.6213037634408602 0.9138104838709677 0.626008064516129 0.9092741935483871 0.6300403225806451
3 0.8205645161290323 0.7933467741935485 0.8210685483870968 0.7936827956989247 0.8233366935483871 0.7903225806451614 0.8258568548387096 0.7909946236559141 0.8316532258064515 0.800739247311828 0.8392137096774194 0.8077956989247312 0.8424899193548386 0.8175403225806451 0.8490423387096775 0.8266129032258065 0.8523185483870968 0.8289650537634409 0.8568548387096775 0.8289650537634409 0.859375 0.8279569892473119 0.8626512096774194 0.8239247311827957 0.8636592741935485 0.8209005376344086 0.8634072580645161 0.8020833333333334 0.859375 0.7930107526881721 0.8588709677419355 0.7896505376344086 0.8639112903225806 0.7836021505376345 0.8651713709677419 0.7799059139784946 0.8651713709677419 0.7765456989247312 0.8629032258064515 0.7721774193548389 0.8523185483870968 0.7657930107526882 0.8508064516129032 0.758736559139785 0.8490423387096775 0.7560483870967742 0.8414818548387096 0.7530241935483871 0.8351814516129032 0.7573924731182795 0.8321572580645161 0.7580645161290323 0.8301411290322581 0.7617607526881721 0.8296370967741935 0.7654569892473119 0.8243447580645161 0.7721774193548389 0.8210685483870968 0.7829301075268817 0.8203125 0.7862903225806451 0.8205645161290323 0.7933467741935485
3 0.8001512096774194 0.7604166666666666 0.8069556451612904 0.7718413978494624 0.8082157258064515 0.7785618279569894 0.8074596774193549 0.7829301075268817 0.8107358870967742 0.7866263440860216 0.8142641129032258 0.7795698924731184 0.8147681451612904 0.7758736559139785 0.813508064516129 0.7671370967741936 0.8140120967741935 0.7580645161290323 0.8119959677419355 0.751008064516129 0.8102318548387096 0.7469758064516129 0.8044354838709677 0.7412634408602151 0.8034274193548386 0.7415994623655914 0.7996471774193549 0.7486559139784946 0.7991431451612904 0.7530241935483871 0.8001512096774194 0.7604166666666666
3 0.5710685483870968 0.6055107526881721 0.5708165322580645 0.6065188172043011 0.5710685483870968 0.6129032258064517 0.5710685483870968 0.6055107526881721
3 0.5516633064516129 0.5813172043010754 0.5529233870967742 0.590725806451613 0.555695564516129 0.5950940860215055 0.5561995967741935 0.6001344086021505 0.5572076612903226 0.601478494623656 0.5640120967741935 0.6001344086021505 0.5685483870967742 0.600470430107527 0.5695564516129032 0.5991263440860215 0.5703125 0.5843413978494625 0.5715725806451613 0.5786290322580646 0.5715725806451613 0.5742607526881721 0.5698084677419355 0.5719086021505377 0.5690524193548387 0.5678763440860215 0.5675403225806451 0.5675403225806451 0.5647681451612903 0.572244623655914 0.5630040322580645 0.5729166666666667 0.5572076612903226 0.573252688172043 0.553679435483871 0.5661962365591399 0.5506552419354839 0.5685483870967742 0.5498991935483871 0.5702284946236559 0.5498991935483871 0.5782930107526882 0.5516633064516129 0.5813172043010754
3 0.6040826612903225 0.6414650537634409 0.6040826612903225 0.6465053763440861 0.6050907258064515 0.6508736559139785 0.6086189516129032 0.6582661290322581 0.6116431451612904 0.6690188172043011 0.6131552419354839 0.6703629032258065 0.616179435483871 0.6670026881720431 0.6232358870967742 0.6733870967741936 0.625 0.6710349462365592 0.6295362903225806 0.6690188172043011 0.6340725806451614 0.6700268817204302 0.6370967741935485 0.6730510752688171 0.6398689516129032 0.6717069892473119 0.6411290322580646 0.6686827956989247 0.6413810483870968 0.6643145161290323 0.6413810483870968 0.6555779569892474 0.6398689516129032 0.6508736559139785 0.6355846774193549 0.6461693548387097 0.6335685483870968 0.6451612903225807 0.6297883064516129 0.6377688172043011 0.6265120967741935 0.6357526881720431 0.6192036290322581 0.644489247311828 0.6189516129032258 0.6475134408602151 0.616179435483871 0.6549059139784946 0.6149193548387096 0.6515456989247312 0.6159274193548386 0.6330645161290323 0.6151713709677419 0.6263440860215055 0.6134072580645161 0.6199596774193549 0.6126512096774194 0.6182795698924731 0.6091229838709677 0.6176075268817205 0.6066028225806451 0.6202956989247312 0.6055947580645161 0.6233198924731184 0.6055947580645161 0.6347446236559141 0.6040826612903225 0.6414650537634409
3 0.6590221774193549 0.7362231182795699 0.6565020161290323 0.7409274193548389 0.6565020161290323 0.7446236559139785 0.6653225806451614 0.7624327956989247 0.6736391129032258 0.769489247311828 0.6776713709677419 0.7745295698924731 0.678679435483871 0.7775537634408602 0.6824596774193549 0.7775537634408602 0.6854838709677419 0.7792338709677419 0.6895161290322581 0.7782258064516129 0.6995967741935485 0.7829301075268817 0.703125 0.782258064516129 0.7066532258064515 0.7849462365591399 0.7084173387096775 0.7896505376344086 0.7139616935483871 0.7967069892473119 0.71875 0.8000672043010753 0.7205141129032258 0.800739247311828 0.7235383064516129 0.799731182795699 0.7273185483870968 0.7963709677419355 0.7285786290322581 0.7930107526881721 0.7288306451612904 0.787970430107527 0.7273185483870968 0.776209677419355 0.7242943548387096 0.7688172043010753 0.7253024193548386 0.7607526881720431 0.7247983870967742 0.7526881720430109 0.7237903225806451 0.7473118279569894 0.7212701612903225 0.7405913978494624 0.7169858870967742 0.7335349462365592 0.7134576612903225 0.7298387096774194 0.7106854838709677 0.7288306451612904 0.7071572580645161 0.7301747311827957 0.6995967741935485 0.7301747311827957 0.6970766129032258 0.7328629032258065 0.6948084677419355 0.7379032258064517 0.6968245967741935 0.7426075268817205 0.6983366935483871 0.7516801075268817 0.6958165322580646 0.7540322580645161 0.6877520161290323 0.751008064516129 0.6822076612903225 0.7550403225806451 0.6784274193548386 0.7389112903225807 0.6723790322580646 0.7295026881720431 0.6703629032258065 0.7241263440860216 0.6733870967741935 0.7100134408602151 0.6726310483870968 0.707997311827957 0.6716229838709677 0.7066532258064517 0.6685987903225806 0.7056451612903226 0.663054435483871 0.7076612903225807 0.6610383064516129 0.7106854838709679 0.6590221774193549 0.7167338709677419 0.6600302419354839 0.7308467741935485 0.6590221774193549 0.7362231182795699
3 0.6960685483870968 0.695228494623656 0.6985887096774194 0.6979166666666666 0.7036290322580646 0.713709677419355 0.7169858870967742 0.7231182795698926 0.7237903225806451 0.7227822580645161 0.7293346774193549 0.7321908602150538 0.734375 0.7365591397849462 0.7379032258064515 0.7368951612903226 0.7404233870967742 0.7342069892473119 0.7416834677419355 0.7278225806451614 0.7414314516129032 0.7123655913978495 0.7404233870967742 0.7063172043010753 0.7409274193548386 0.6982526881720431 0.7376512096774194 0.6770833333333334 0.7336189516129032 0.6646505376344086 0.7308467741935485 0.6633064516129032 0.727570564516129 0.663978494623656 0.7253024193548386 0.6683467741935485 0.7220262096774194 0.6717069892473119 0.7202620967741935 0.675739247311828 0.7164818548387096 0.6777553763440861 0.7149697580645161 0.6888440860215055 0.7127016129032258 0.6911962365591399 0.709929435483871 0.6975806451612904 0.7064012096774194 0.6975806451612904 0.7053931451612904 0.6959005376344086 0.7051411290322581 0.6814516129032259 0.7018649193548386 0.6717069892473119 0.7033770161290323 0.6673387096774194 0.7036290322580646 0.6609543010752689 0.7028729838709677 0.6599462365591399 0.6993447580645161 0.6582661290322581 0.6950604838709677 0.6602822580645161 0.6902721774193549 0.6750672043010753 0.6892641129032258 0.6821236559139785 0.6960685483870968 0.695228494623656
3 0.6058467741935485 0.4422043010752688 0.6126512096774194 0.44825268817204306 0.616179435483871 0.44959677419354843 0.6176915322580646 0.43783602150537637 0.6176915322580646 0.43413978494623656 0.616179435483871 0.42775537634408606 0.6123991935483871 0.42473118279569894 0.6045866935483871 0.4270833333333333 0.602570564516129 0.42943548387096775 0.6023185483870968 0.435483870967742 0.6058467741935485 0.4422043010752688
3 0.35811491935483875 0.6162634408602151 0.35811491935483875 0.6202956989247312 0.36063508064516125 0.6330645161290323 0.36013104838709675 0.6370967741935485 0.36113911290322576 0.6475134408602151 0.3629032258064516 0.6542338709677419 0.3666834677419355 0.6579301075268817 0.3707157258064516 0.6549059139784946 0.37348790322580644 0.6495295698924731 0.37424395161290325 0.6364247311827957 0.37600806451612906 0.6236559139784946 0.375 0.6068548387096775 0.37348790322580644 0.6045026881720431 0.3694556451612903 0.6045026881720431 0.3588709677419355 0.6065188172043011 0.3555947580645161 0.6088709677419355 0.3553427419354839 0.6125672043010753 0.35811491935483875 0.6162634408602151
3 0.6129032258064515 0.7348790322580646 0.6146673387096775 0.7315188172043011 0.6144153225806451 0.7217741935483871 0.6131552419354839 0.7204301075268817 0.609375 0.7207661290322581 0.6088709677419355 0.7217741935483871 0.6091229838709677 0.7261424731182795 0.6129032258064515 0.7348790322580646
3 0.6244959677419355 0.727486559139785 0.6247479838709677 0.7315188172043011 0.6222278225806451 0.7399193548387097 0.6214717741935485 0.7479838709677419 0.6219758064516129 0.7496639784946237 0.6270161290322581 0.756720430107527 0.6333165322580646 0.7573924731182795 0.6340725806451614 0.7584005376344086 0.6370967741935485 0.7758736559139785 0.6403729838709677 0.7839381720430109 0.6436491935483871 0.7866263440860216 0.647429435483871 0.7849462365591399 0.6491935483870968 0.7778897849462366 0.6479334677419355 0.7473118279569894 0.6491935483870968 0.7412634408602151 0.649445564516129 0.7328629032258065 0.6479334677419355 0.7231182795698926 0.6439012096774194 0.7200940860215055 0.6368447580645161 0.719758064516129 0.6305443548387096 0.7160618279569894 0.6252520161290323 0.7170698924731184 0.6229838709677419 0.7194220430107527 0.6222278225806451 0.7227822580645161 0.6222278225806451 0.7241263440860216 0.6244959677419355 0.727486559139785
3 0.6126512096774194 0.7120295698924731 0.6159274193548386 0.7120295698924731 0.6156754032258065 0.7063172043010753 0.6136592741935485 0.6985887096774194 0.6126512096774194 0.6975806451612904 0.6106350806451614 0.6999327956989247 0.6096270161290323 0.7029569892473119 0.6126512096774194 0.7120295698924731
3 0.9624495967741935 0.6821236559139785 0.9627016129032258 0.6868279569892474 0.9652217741935485 0.6922043010752689 0.9679939516129032 0.6945564516129032 0.9695060483870968 0.6975806451612904 0.9710181451612904 0.7096774193548389 0.9722782258064515 0.7130376344086022 0.9732862903225806 0.7261424731182795 0.977570564516129 0.7331989247311829 0.983366935483871 0.7331989247311829 0.9856350806451614 0.7284946236559141 0.984375 0.7076612903225807 0.9828629032258065 0.7032930107526882 0.9808467741935485 0.6878360215053765 0.9765625 0.6780913978494624 0.9750504032258065 0.6683467741935485 0.9727822580645161 0.6646505376344086 0.9760584677419355 0.657258064516129 0.9737903225806451 0.6565860215053765 0.9722782258064515 0.6619623655913979 0.9639616935483871 0.6680107526881721 0.9634576612903225 0.6706989247311829 0.9642137096774194 0.6764112903225807 0.9624495967741935 0.6821236559139785
3 0.4329637096774193 0.46068548387096775 0.4344758064516129 0.4633736559139785 0.43876008064516125 0.46538978494623656 0.4422883064516129 0.46875 0.44329637096774194 0.4684139784946237 0.44455645161290325 0.466733870967742 0.4448084677419355 0.46135752688172044 0.4448084677419355 0.44959677419354843 0.44354838709677424 0.4418682795698925 0.4425403225806452 0.4405241935483871 0.43901209677419356 0.4405241935483871 0.4334677419354839 0.44388440860215056 0.4319556451612903 0.4469086021505377 0.43170362903225806 0.45497311827956993 0.4329637096774193 0.46068548387096775
3 0.7784778225806451 0.6438172043010753 0.7794858870967742 0.6636424731182795 0.7817540322580646 0.6717069892473119 0.7857862903225806 0.6764112903225807 0.7898185483870968 0.6774193548387097 0.7920866935483871 0.6750672043010753 0.7938508064516129 0.6680107526881721 0.7930947580645161 0.6575940860215055 0.7908266129032258 0.6508736559139785 0.7966229838709677 0.6451612903225807 0.7971270161290323 0.6370967741935485 0.7903225806451614 0.631720430107527 0.7878024193548386 0.6233198924731184 0.7865423387096775 0.6219758064516129 0.7787298387096775 0.6213037634408602 0.7754536290322581 0.6226478494623656 0.7734375 0.6256720430107527 0.7734375 0.6280241935483871 0.7784778225806451 0.6438172043010753